Workbook
Name A: H.HÀ!$1:$1048576

Sheet TK 14 NHÃN
A1: Mã sản phẩm cha | B1: Tên sản phẩm cha | C1: Mã | D1: Mã vạch | E1: Sản phẩm | F1: Tồn hiện tại | G1: Tổng tồn | H1: TĐK.Số lượng | I1: NTK.Số lượng | J1: XTK.Số lượng | K1: TCK.Số lượng | M1: TK HẾT 6/4/2026
C2: LV3652-2022 | D2: 2000200245995 | E2: Ốp HH 30*60 - LV3652 A1 (1h= 1.44m) | F2: 1038 | G2: 1038 | H2: 0 | I2: 29579 | J2: 28541 | K2: 1038
C3: LV3658 A1 - 2022 | D3: 2000200196525 | E3: Ốp 30*60- LV3658 A1 ( 1 hộp = 1.44m2) | F3: 245 | G3: 245 | H3: 0 | I3: 28292 | J3: 28047 | K3: 245
C4: N0366-1012 A1 ( vàng) | D4: 2000167122933 | E4: Gạch ceramic N6-1012 A1 ( 1 hộp = 1.44m2) | F4: 190 | G4: 190 | H4: 0 | I4: 15755 | J4: 15565 | K4: 190
C5: N0355-1007C A1 | D5: 2000166291678 | E5: Gạch Nise (50x50) 5-1007C A1 ( 1 hộp =1.5m2) | F5: -2 | G5: -2 | H5: 0 | I5: 14093 | J5: 14095 | K5: -2
C6: LX36000 A1 - 2021 ( TT) | D6: 2000177074130 | E6: ốp trắng LX36000 A1 ( 1 hộp =1.44m2) | F6: 463 | G6: 463 | H6: 0 | I6: 13341 | J6: 12878 | K6: 463
C7: LX36601 A1(1h=8v=1.44m2) | D7: 2000214251203 | E7: Gạch 30*60 HH khói trắng phẳng mã LX36601 A1(1h=8v=1.44m2) | F7: 734 | G7: 734 | H7: 0 | I7: 13112 | J7: 12378 | K7: 734
C8: N6-6036 A1 - 2022 | D8: 2000199504578 | E8: Gạch Porcelain N6-6036 A1 ( 1 hộp = 1.44m2) | F8: 282 | G8: 282 | H8: 0 | I8: 12952 | J8: 12670 | K8: 282
C9: N6-1016 A1 | D9: 2000201169184 | E9: Gạch ceramic N6-1016 A1 ( 1 hộp = 1.44m2) | F9: 7 | G9: 7 | H9: 0 | I9: 12164 | J9: 12157 | K9: 7
C10: LV3600 A1 -2022 | D10: 2000198912534 | E10: Ốp LV3600 A1 ( 1 hộp = 8v=1.44m2) | F10: 777 | G10: 777 | H10: 0 | I10: 11354 | J10: 10577 | K10: 777
C11: N0366-6007 A1 ( bán sứ - vàng nhạt) | D11: 2000167123572 | E11: Gạch Pocelain N6-6007 A1 ( 1 hộp = 1.44m2) | F11: 183 | G11: 183 | H11: 0 | I11: 10931 | J11: 10748 | K11: 183
C12: Ceramic N0366-1001 - 57 | D12: 2000171991143 | E12: Gạch Ceramic N6-1001 A1 ( 1 hộp = 1.44m2) | F12: 117 | G12: 117 | H12: 0 | I12: 9630 | J12: 9513 | K12: 117
C13: LX5516 A1-2021 | D13: 2000192608440 | E13: Sân vườn LX5516 A1 (1h=6v= 1.5m2) | F13: 633 | G13: 633 | H13: 0 | I13: 9460 | J13: 8827 | K13: 633
... C1333: MN612.616 A1 - VIÊN | D1333: 2000214257434 | E1333: Gạch Nise kích thước 60*120 mã MN612.616 A1 - VIÊN | F1333: -1 | G1333: -1 | H1333: 0 | I1333: 0 | J1333: 1 | K1333: -1

Sheet H.HÀ
B1: TÊN SP | C1: TỒN CK 30,9.2026 | D1: TỒN HIỆN TẠI T10.2026 | E1: 1 | G1: =1+E1 -> 2 | I1: =1+G1 -> 3 | K1: =1+I1 -> 4 | M1: 5 | O1: =1+M1 -> 6 | Q1: =1+O1 -> 7 | S1: =1+Q1 -> 8 | U1: =1+S1 -> 9 | W1: =1+U1 -> 10 | Y1: =1+W1 -> 11 | AA1: =1+Y1 -> 12 | AC1: =1+AA1 -> 13 | AE1: =1+AC1 -> 14 | AG1: =1+AE1 -> 15 | AI1: =1+AG1 -> 16 | AK1: =1+AI1 -> 17 | AM1: =1+AK1 -> 18 | AO1: =1+AM1 -> 19 | AQ1: =1+AO1 -> 20 | AS1: =1+AQ1 -> 21 | AU1: =1+AS1 -> 22 | AW1: =1+AU1 -> 23 | AY1: =1+AW1 -> 24 | BA1: =1+AY1 -> 25 | BC1: =1+BA1 -> 26 | BE1: =1+BC1 -> 27 | BG1: =1+BE1 -> 28 | BI1: =1+BG1 -> 29 | BK1: =1+BI1 -> 30 | BM1: =1+BK1 -> 31 | BO1: thiếu hụt k rõ nguyên nhân | BQ1: TỔNG | BS1: M2/H | BT1: QUY M2 | BU1: ĐƠN GIÁ/m | BV1: THÀNH TIỀN
A2: TỔNG CỘNG | C2: =SUM(C5:C292) -> 23200.924 | D2: =SUM(D5:D292) -> 21719.924 | E2: N | F2: X | G2: N | H2: X | I2: N | J2: X | K2: N | L2: X | M2: N | N2: X | O2: N | P2: X | Q2: N | R2: X | S2: N | T2: X | U2: N | V2: X | W2: N | X2: X | Y2: N | Z2: X | AA2: N | AB2: X | AC2: N | AD2: X | AE2: N | AF2: X | AG2: N | AH2: X | AI2: N | AJ2: X | AK2: N | AL2: X | AM2: N | AN2: X | AO2: N | AP2: X | AQ2: N | AR2: X | AS2: N | AT2: X | AU2: N | AV2: X | AW2: N | AX2: X | AY2: N | AZ2: X | BA2: N | BB2: X | BC2: N | BD2: X | BE2: N | BF2: X | BG2: N | BH2: X | BI2: N | BJ2: X | BK2: N | BL2: X | BM2: N | BN2: X | BO2: N | BP2: X | BQ2: N | BR2: X | BS2: 340.82 | BT2: =SUM(BT5:BT241) -> 31091.37 | BV2: =SUM(BV5:BV241) -> 2.6100715e+09
E3: =SUM(E4:E295) -> 0 | F3: =SUM(F4:F295) -> 68 | G3: =SUM(G4:G295) -> 3 | H3: =SUM(H4:H295) -> 562 | I3: =SUM(I4:I295) -> 0 | J3: =SUM(J4:J295) -> 279 | K3: =SUM(K4:K295) -> 0 | L3: =SUM(L4:L295) -> 105 | ... BP3: =SUM(BP4:BP295) -> 11 | BQ3: =+E3+G3+I3+K3+M3+O3+Q3+S3+U3+W3+Y3+AA3+AC3+AE3+AG3+AI3+AK3+AM3+AO3+AQ3+AS3+AU3+AW3+AY3+BA3+BC3+BE3+BG3+BI3+BK3+BM3+BO3 -> 15 | BR3: =+F3+H3+J3+L3+N3+P3+R3+T3+V3+X3+Z3+AB3+AD3+AF3+AH3+AJ3+AL3+AN3+AP3+AR3+AT3+AV3+AX3+AZ3+BB3+BD3+BF3+BH3+BJ3+BL3+BN3+BP3 -> 1496
E4: 0 | BQ4: =+E4+G4+I4+K4+M4+O4+Q4+S4+U4+W4+Y4+AA4+AC4+AE4+AG4+AI4+AK4+AM4+AO4+AQ4+AS4+AU4+AW4+AY4+BA4+BC4+BE4+BG4+BI4+BK4+BM4+BO4 -> 0 | BR4: =+F4+H4+J4+L4+N4+P4+R4+T4+V4+X4+Z4+AB4+AD4+AF4+AH4+AJ4+AL4+AN4+AP4+AR4+AT4+AV4+AX4+AZ4+BB4+BD4+BF4+BH4+BJ4+BL4+BN4+BP4 -> 0
A5: GẠCH 1 MÉT | B5: LP10,104 | C5: 49 | D5: =C5+BQ5-BR5 -> 46 | H5: 3 | BQ5: =+E5+G5+I5+K5+M5+O5+Q5+S5+U5+W5+Y5+AA5+AC5+AE5+AG5+AI5+AK5+AM5+AO5+AQ5+AS5+AU5+AW5+AY5+BA5+BC5+BE5+BG5+BI5+BK5+BM5+BO5 -> 0 | BR5: =+F5+H5+J5+L5+N5+P5+R5+T5+V5+X5+Z5+AB5+AD5+AF5+AH5+AJ5+AL5+AN5+AP5+AR5+AT5+AV5+AX5+AZ5+BB5+BD5+BF5+BH5+BJ5+BL5+BN5+BP5 -> 3 | BS5: 2 | BT5: =+BS5*D5 -> 92 | BU5: 136000 | BV5: =+BU5*BT5 -> 12512000
B6: LP10,112 | C6: 115 | D6: =C6+BQ6-BR6 -> 112 | H6: 3 | BQ6: =+E6+G6+I6+K6+M6+O6+Q6+S6+U6+W6+Y6+AA6+AC6+AE6+AG6+AI6+AK6+AM6+AO6+AQ6+AS6+AU6+AW6+AY6+BA6+BC6+BE6+BG6+BI6+BK6+BM6+BO6 -> 0 | BR6: =+F6+H6+J6+L6+N6+P6+R6+T6+V6+X6+Z6+AB6+AD6+AF6+AH6+AJ6+AL6+AN6+AP6+AR6+AT6+AV6+AX6+AZ6+BB6+BD6+BF6+BH6+BJ6+BL6+BN6+BP6 -> 3 | BS6: 2 | BT6: =+BS6*D6 -> 224 | BU6: 136000 | BV6: =+BU6*BT6 -> 30464000
B7: LP10,113 | C7: 61 | D7: =C7+BQ7-BR7 -> 58 | H7: 3 | BQ7: =+E7+G7+I7+K7+M7+O7+Q7+S7+U7+W7+Y7+AA7+AC7+AE7+AG7+AI7+AK7+AM7+AO7+AQ7+AS7+AU7+AW7+AY7+BA7+BC7+BE7+BG7+BI7+BK7+BM7+BO7 -> 0 | BR7: =+F7+H7+J7+L7+N7+P7+R7+T7+V7+X7+Z7+AB7+AD7+AF7+AH7+AJ7+AL7+AN7+AP7+AR7+AT7+AV7+AX7+AZ7+BB7+BD7+BF7+BH7+BJ7+BL7+BN7+BP7 -> 3 | BS7: 2 | BT7: =+BS7*D7 -> 116 | BU7: 136000 | BV7: =+BU7*BT7 -> 15776000
B8: LP10,114 | C8: 113 | D8: =C8+BQ8-BR8 -> 110 | H8: 3 | BQ8: =+E8+G8+I8+K8+M8+O8+Q8+S8+U8+W8+Y8+AA8+AC8+AE8+AG8+AI8+AK8+AM8+AO8+AQ8+AS8+AU8+AW8+AY8+BA8+BC8+BE8+BG8+BI8+BK8+BM8+BO8 -> 0 | BR8: =+F8+H8+J8+L8+N8+P8+R8+T8+V8+X8+Z8+AB8+AD8+AF8+AH8+AJ8+AL8+AN8+AP8+AR8+AT8+AV8+AX8+AZ8+BB8+BD8+BF8+BH8+BJ8+BL8+BN8+BP8 -> 3 | BS8: 2 | BT8: =+BS8*D8 -> 220 | BU8: 136000 | BV8: =+BU8*BT8 -> 29920000
C9: 0 | D9: =C9+BQ9-BR9 -> 0 | BQ9: =+E9+G9+I9+K9+M9+O9+Q9+S9+U9+W9+Y9+AA9+AC9+AE9+AG9+AI9+AK9+AM9+AO9+AQ9+AS9+AU9+AW9+AY9+BA9+BC9+BE9+BG9+BI9+BK9+BM9+BO9 -> 0 | BR9: =+F9+H9+J9+L9+N9+P9+R9+T9+V9+X9+Z9+AB9+AD9+AF9+AH9+AJ9+AL9+AN9+AP9+AR9+AT9+AV9+AX9+AZ9+BB9+BD9+BF9+BH9+BJ9+BL9+BN9+BP9 -> 0 | BT9: =+BS9*D9 -> 0 | BV9: =+BU9*BT9 -> 0
A10: GẠCH 80 MỚI | B10: LP18,112 -A2 | C10: 462 | D10: =C10+BQ10-BR10 -> 302 | J10: 160 | BQ10: =+E10+G10+I10+K10+M10+O10+Q10+S10+U10+W10+Y10+AA10+AC10+AE10+AG10+AI10+AK10+AM10+AO10+AQ10+AS10+AU10+AW10+AY10+BA10+BC10+BE10+BG10+BI10+BK10+BM10+BO10 -> 0 | BR10: =+F10+H10+J10+L10+N10+P10+R10+T10+V10+X10+Z10+AB10+AD10+AF10+AH10+AJ10+AL10+AN10+AP10+AR10+AT10+AV10+AX10+AZ10+BB10+BD10+BF10+BH10+BJ10+BL10+BN10+BP10 -> 160 | BS10: 1.92 | BT10: =+BS10*D10 -> 579.84 | BU10: 95000 | BV10: =+BU10*BT10 -> 55084800
B11: LP18,113 - A2 | C11: 0 | D11: =C11+BQ11-BR11 -> 0 | BQ11: =+E11+G11+I11+K11+M11+O11+Q11+S11+U11+W11+Y11+AA11+AC11+AE11+AG11+AI11+AK11+AM11+AO11+AQ11+AS11+AU11+AW11+AY11+BA11+BC11+BE11+BG11+BI11+BK11+BM11+BO11 -> 0 | BR11: =+F11+H11+J11+L11+N11+P11+R11+T11+V11+X11+Z11+AB11+AD11+AF11+AH11+AJ11+AL11+AN11+AP11+AR11+AT11+AV11+AX11+AZ11+BB11+BD11+BF11+BH11+BJ11+BL11+BN11+BP11 -> 0 | BS11: 1.92 | BT11: =+BS11*D11 -> 0 | BU11: 95000 | BV11: =+BU11*BT11 -> 0
B12: LP18,114 -A2 | C12: 0 | D12: =C12+BQ12-BR12 -> 0 | BQ12: =+E12+G12+I12+K12+M12+O12+Q12+S12+U12+W12+Y12+AA12+AC12+AE12+AG12+AI12+AK12+AM12+AO12+AQ12+AS12+AU12+AW12+AY12+BA12+BC12+BE12+BG12+BI12+BK12+BM12+BO12 -> 0 | BR12: =+F12+H12+J12+L12+N12+P12+R12+T12+V12+X12+Z12+AB12+AD12+AF12+AH12+AJ12+AL12+AN12+AP12+AR12+AT12+AV12+AX12+AZ12+BB12+BD12+BF12+BH12+BJ12+BL12+BN12+BP12 -> 0 | BS12: 1.92 | BT12: =+BS12*D12 -> 0 | BU12: 95000 | BV12: =+BU12*BT12 -> 0
C13: 0 | D13: =C13+BQ13-BR13 -> 0 | BQ13: =+E13+G13+I13+K13+M13+O13+Q13+S13+U13+W13+Y13+AA13+AC13+AE13+AG13+AI13+AK13+AM13+AO13+AQ13+AS13+AU13+AW13+AY13+BA13+BC13+BE13+BG13+BI13+BK13+BM13+BO13 -> 0 | BR13: =+F13+H13+J13+L13+N13+P13+R13+T13+V13+X13+Z13+AB13+AD13+AF13+AH13+AJ13+AL13+AN13+AP13+AR13+AT13+AV13+AX13+AZ13+BB13+BD13+BF13+BH13+BJ13+BL13+BN13+BP13 -> 0 | BS13: 1.92 | BT13: =+BS13*D13 -> 0 | BV13: =+BU13*BT13 -> 0
B14: LP18,112 A1 | C14: 122 | D14: =C14+BQ14-BR14 -> 120 | H14: 2 | BQ14: =+E14+G14+I14+K14+M14+O14+Q14+S14+U14+W14+Y14+AA14+AC14+AE14+AG14+AI14+AK14+AM14+AO14+AQ14+AS14+AU14+AW14+AY14+BA14+BC14+BE14+BG14+BI14+BK14+BM14+BO14 -> 0 | BR14: =+F14+H14+J14+L14+N14+P14+R14+T14+V14+X14+Z14+AB14+AD14+AF14+AH14+AJ14+AL14+AN14+AP14+AR14+AT14+AV14+AX14+AZ14+BB14+BD14+BF14+BH14+BJ14+BL14+BN14+BP14 -> 2 | BS14: 1.92 | BT14: =+BS14*D14 -> 230.4 | BU14: 115200 | BV14: =+BU14*BT14 -> 26542080
B15: LP18,113 A1 | C15: 85 | D15: =C15+BQ15-BR15 -> 80 | H15: =1+2 -> 3 | J15: 2 | BQ15: =+E15+G15+I15+K15+M15+O15+Q15+S15+U15+W15+Y15+AA15+AC15+AE15+AG15+AI15+AK15+AM15+AO15+AQ15+AS15+AU15+AW15+AY15+BA15+BC15+BE15+BG15+BI15+BK15+BM15+BO15 -> 0 | BR15: =+F15+H15+J15+L15+N15+P15+R15+T15+V15+X15+Z15+AB15+AD15+AF15+AH15+AJ15+AL15+AN15+AP15+AR15+AT15+AV15+AX15+AZ15+BB15+BD15+BF15+BH15+BJ15+BL15+BN15+BP15 -> 5 | BS15: 1.92 | BT15: =+BS15*D15 -> 153.6 | BU15: 115200 | BV15: =+BU15*BT15 -> 17694720
B16: LP18,114 A1 | C16: 160 | D16: =C16+BQ16-BR16 -> 158 | H16: 2 | BQ16: =+E16+G16+I16+K16+M16+O16+Q16+S16+U16+W16+Y16+AA16+AC16+AE16+AG16+AI16+AK16+AM16+AO16+AQ16+AS16+AU16+AW16+AY16+BA16+BC16+BE16+BG16+BI16+BK16+BM16+BO16 -> 0 | BR16: =+F16+H16+J16+L16+N16+P16+R16+T16+V16+X16+Z16+AB16+AD16+AF16+AH16+AJ16+AL16+AN16+AP16+AR16+AT16+AV16+AX16+AZ16+BB16+BD16+BF16+BH16+BJ16+BL16+BN16+BP16 -> 2 | BS16: 1.92 | BT16: =+BS16*D16 -> 303.36 | BU16: 115200 | BV16: =+BU16*BT16 -> 34947072
A18: GẠCH 80*80-BS | B18: LX8001 | C18: 17 | D18: =C18+BQ18-BR18 -> 17 | BQ18: =+E18+G18+I18+K18+M18+O18+Q18+S18+U18+W18+Y18+AA18+AC18+AE18+AG18+AI18+AK18+AM18+AO18+AQ18+AS18+AU18+AW18+AY18+BA18+BC18+BE18+BG18+BI18+BK18+BM18+BO18 -> 0 | BR18: =+F18+H18+J18+L18+N18+P18+R18+T18+V18+X18+Z18+AB18+AD18+AF18+AH18+AJ18+AL18+AN18+AP18+AR18+AT18+AV18+AX18+AZ18+BB18+BD18+BF18+BH18+BJ18+BL18+BN18+BP18 -> 0 | BS18: 1.92 | BT18: =+BS18*D18 -> 32.64 | BU18: 123800 | BV18: =+BU18*BT18 -> 4040832
B19: LX8002 | C19: 84 | D19: =C19+BQ19-BR19 -> 84 | BQ19: =+E19+G19+I19+K19+M19+O19+Q19+S19+U19+W19+Y19+AA19+AC19+AE19+AG19+AI19+AK19+AM19+AO19+AQ19+AS19+AU19+AW19+AY19+BA19+BC19+BE19+BG19+BI19+BK19+BM19+BO19 -> 0 | BR19: =+F19+H19+J19+L19+N19+P19+R19+T19+V19+X19+Z19+AB19+AD19+AF19+AH19+AJ19+AL19+AN19+AP19+AR19+AT19+AV19+AX19+AZ19+BB19+BD19+BF19+BH19+BJ19+BL19+BN19+BP19 -> 0 | BS19: 1.92 | BT19: =+BS19*D19 -> 161.28 | BU19: 123800 | BV19: =+BU19*BT19 -> 19966464
B20: LX8002 a2 | C20: 336 | D20: =C20+BQ20-BR20 -> 334 | P20: 2 | BQ20: =+E20+G20+I20+K20+M20+O20+Q20+S20+U20+W20+Y20+AA20+AC20+AE20+AG20+AI20+AK20+AM20+AO20+AQ20+AS20+AU20+AW20+AY20+BA20+BC20+BE20+BG20+BI20+BK20+BM20+BO20 -> 0 | BR20: =+F20+H20+J20+L20+N20+P20+R20+T20+V20+X20+Z20+AB20+AD20+AF20+AH20+AJ20+AL20+AN20+AP20+AR20+AT20+AV20+AX20+AZ20+BB20+BD20+BF20+BH20+BJ20+BL20+BN20+BP20 -> 2 | BS20: 1.92 | BT20: =+BS20*D20 -> 641.28 | BU20: 90000 | BV20: =+BU20*BT20 -> 57715200
B21: LX8003 | C21: 14 | D21: =C21+BQ21-BR21 -> 14 | BQ21: =+E21+G21+I21+K21+M21+O21+Q21+S21+U21+W21+Y21+AA21+AC21+AE21+AG21+AI21+AK21+AM21+AO21+AQ21+AS21+AU21+AW21+AY21+BA21+BC21+BE21+BG21+BI21+BK21+BM21+BO21 -> 0 | BR21: =+F21+H21+J21+L21+N21+P21+R21+T21+V21+X21+Z21+AB21+AD21+AF21+AH21+AJ21+AL21+AN21+AP21+AR21+AT21+AV21+AX21+AZ21+BB21+BD21+BF21+BH21+BJ21+BL21+BN21+BP21 -> 0 | BS21: 1.92 | BT21: =+BS21*D21 -> 26.88 | BU21: 123800 | BV21: =+BU21*BT21 -> 3327744
B22: LX8004 | C22: 14 | D22: =C22+BQ22-BR22 -> 14 | BQ22: =+E22+G22+I22+K22+M22+O22+Q22+S22+U22+W22+Y22+AA22+AC22+AE22+AG22+AI22+AK22+AM22+AO22+AQ22+AS22+AU22+AW22+AY22+BA22+BC22+BE22+BG22+BI22+BK22+BM22+BO22 -> 0 | BR22: =+F22+H22+J22+L22+N22+P22+R22+T22+V22+X22+Z22+AB22+AD22+AF22+AH22+AJ22+AL22+AN22+AP22+AR22+AT22+AV22+AX22+AZ22+BB22+BD22+BF22+BH22+BJ22+BL22+BN22+BP22 -> 0 | BS22: 1.92 | BT22: =+BS22*D22 -> 26.88 | BU22: 123800 | BV22: =+BU22*BT22 -> 3327744
B23: LX8005 | C23: 31 | D23: =C23+BQ23-BR23 -> 31 | BQ23: =+E23+G23+I23+K23+M23+O23+Q23+S23+U23+W23+Y23+AA23+AC23+AE23+AG23+AI23+AK23+AM23+AO23+AQ23+AS23+AU23+AW23+AY23+BA23+BC23+BE23+BG23+BI23+BK23+BM23+BO23 -> 0 | BR23: =+F23+H23+J23+L23+N23+P23+R23+T23+V23+X23+Z23+AB23+AD23+AF23+AH23+AJ23+AL23+AN23+AP23+AR23+AT23+AV23+AX23+AZ23+BB23+BD23+BF23+BH23+BJ23+BL23+BN23+BP23 -> 0 | BS23: 1.92 | BT23: =+BS23*D23 -> 59.52 | BU23: 123800 | BV23: =+BU23*BT23 -> 7368576
B24: LX8005- A2 | C24: 140 | D24: =C24+BQ24-BR24 -> 140 | BQ24: =+E24+G24+I24+K24+M24+O24+Q24+S24+U24+W24+Y24+AA24+AC24+AE24+AG24+AI24+AK24+AM24+AO24+AQ24+AS24+AU24+AW24+AY24+BA24+BC24+BE24+BG24+BI24+BK24+BM24+BO24 -> 0 | BR24: =+F24+H24+J24+L24+N24+P24+R24+T24+V24+X24+Z24+AB24+AD24+AF24+AH24+AJ24+AL24+AN24+AP24+AR24+AT24+AV24+AX24+AZ24+BB24+BD24+BF24+BH24+BJ24+BL24+BN24+BP24 -> 0 | BS24: 1.92 | BT24: =+BS24*D24 -> 268.8 | BU24: 104500 | BV24: =+BU24*BT24 -> 28089600
B25: LX8009 | C25: 19 | D25: =C25+BQ25-BR25 -> 19 | BQ25: =+E25+G25+I25+K25+M25+O25+Q25+S25+U25+W25+Y25+AA25+AC25+AE25+AG25+AI25+AK25+AM25+AO25+AQ25+AS25+AU25+AW25+AY25+BA25+BC25+BE25+BG25+BI25+BK25+BM25+BO25 -> 0 | BR25: =+F25+H25+J25+L25+N25+P25+R25+T25+V25+X25+Z25+AB25+AD25+AF25+AH25+AJ25+AL25+AN25+AP25+AR25+AT25+AV25+AX25+AZ25+BB25+BD25+BF25+BH25+BJ25+BL25+BN25+BP25 -> 0 | BS25: 1.92 | BT25: =+BS25*D25 -> 36.48 | BU25: 100000 | BV25: =+BU25*BT25 -> 3648000
B26: LX8009 - A2 | C26: 59 | D26: =C26+BQ26-BR26 -> 59 | BQ26: =+E26+G26+I26+K26+M26+O26+Q26+S26+U26+W26+Y26+AA26+AC26+AE26+AG26+AI26+AK26+AM26+AO26+AQ26+AS26+AU26+AW26+AY26+BA26+BC26+BE26+BG26+BI26+BK26+BM26+BO26 -> 0 | BR26: =+F26+H26+J26+L26+N26+P26+R26+T26+V26+X26+Z26+AB26+AD26+AF26+AH26+AJ26+AL26+AN26+AP26+AR26+AT26+AV26+AX26+AZ26+BB26+BD26+BF26+BH26+BJ26+BL26+BN26+BP26 -> 0 | BS26: 1.92 | BT26: =+BS26*D26 -> 113.28 | BU26: 90000 | BV26: =+BU26*BT26 -> 10195200
B27: LX8010 | C27: 9 | D27: =C27+BQ27-BR27 -> 9 | BQ27: =+E27+G27+I27+K27+M27+O27+Q27+S27+U27+W27+Y27+AA27+AC27+AE27+AG27+AI27+AK27+AM27+AO27+AQ27+AS27+AU27+AW27+AY27+BA27+BC27+BE27+BG27+BI27+BK27+BM27+BO27 -> 0 | BR27: =+F27+H27+J27+L27+N27+P27+R27+T27+V27+X27+Z27+AB27+AD27+AF27+AH27+AJ27+AL27+AN27+AP27+AR27+AT27+AV27+AX27+AZ27+BB27+BD27+BF27+BH27+BJ27+BL27+BN27+BP27 -> 0 | BS27: 1.92 | BT27: =+BS27*D27 -> 17.28 | BU27: 123800 | BV27: =+BU27*BT27 -> 2139264
B28: LX8012 | C28: 9 | D28: =C28+BQ28-BR28 -> 9 | BQ28: =+E28+G28+I28+K28+M28+O28+Q28+S28+U28+W28+Y28+AA28+AC28+AE28+AG28+AI28+AK28+AM28+AO28+AQ28+AS28+AU28+AW28+AY28+BA28+BC28+BE28+BG28+BI28+BK28+BM28+BO28 -> 0 | BR28: =+F28+H28+J28+L28+N28+P28+R28+T28+V28+X28+Z28+AB28+AD28+AF28+AH28+AJ28+AL28+AN28+AP28+AR28+AT28+AV28+AX28+AZ28+BB28+BD28+BF28+BH28+BJ28+BL28+BN28+BP28 -> 0 | BS28: 1.92 | BT28: =+BS28*D28 -> 17.28 | BU28: 123800 | BV28: =+BU28*BT28 -> 2139264
B29: LX8014 | C29: 14 | D29: =C29+BQ29-BR29 -> 14 | BQ29: =+E29+G29+I29+K29+M29+O29+Q29+S29+U29+W29+Y29+AA29+AC29+AE29+AG29+AI29+AK29+AM29+AO29+AQ29+AS29+AU29+AW29+AY29+BA29+BC29+BE29+BG29+BI29+BK29+BM29+BO29 -> 0 | BR29: =+F29+H29+J29+L29+N29+P29+R29+T29+V29+X29+Z29+AB29+AD29+AF29+AH29+AJ29+AL29+AN29+AP29+AR29+AT29+AV29+AX29+AZ29+BB29+BD29+BF29+BH29+BJ29+BL29+BN29+BP29 -> 0 | BS29: 1.92 | BT29: =+BS29*D29 -> 26.88 | BU29: 100000 | BV29: =+BU29*BT29 -> 2688000
B30: LX8014 -A2 | C30: 13 | D30: =C30+BQ30-BR30 -> 13 | BQ30: =+E30+G30+I30+K30+M30+O30+Q30+S30+U30+W30+Y30+AA30+AC30+AE30+AG30+AI30+AK30+AM30+AO30+AQ30+AS30+AU30+AW30+AY30+BA30+BC30+BE30+BG30+BI30+BK30+BM30+BO30 -> 0 | BR30: =+F30+H30+J30+L30+N30+P30+R30+T30+V30+X30+Z30+AB30+AD30+AF30+AH30+AJ30+AL30+AN30+AP30+AR30+AT30+AV30+AX30+AZ30+BB30+BD30+BF30+BH30+BJ30+BL30+BN30+BP30 -> 0 | BS30: 1.92 | BT30: =+BS30*D30 -> 24.96 | BU30: 65000 | BV30: =+BU30*BT30 -> 1622400
B31: LX8016 | C31: 37 | D31: =C31+BQ31-BR31 -> 37 | BQ31: =+E31+G31+I31+K31+M31+O31+Q31+S31+U31+W31+Y31+AA31+AC31+AE31+AG31+AI31+AK31+AM31+AO31+AQ31+AS31+AU31+AW31+AY31+BA31+BC31+BE31+BG31+BI31+BK31+BM31+BO31 -> 0 | BR31: =+F31+H31+J31+L31+N31+P31+R31+T31+V31+X31+Z31+AB31+AD31+AF31+AH31+AJ31+AL31+AN31+AP31+AR31+AT31+AV31+AX31+AZ31+BB31+BD31+BF31+BH31+BJ31+BL31+BN31+BP31 -> 0 | BS31: 1.92 | BT31: =+BS31*D31 -> 71.04 | BU31: 123800 | BV31: =+BU31*BT31 -> 8794752
B32: LX8016 - A2 | C32: 8 | D32: =C32+BQ32-BR32 -> 8 | BQ32: =+E32+G32+I32+K32+M32+O32+Q32+S32+U32+W32+Y32+AA32+AC32+AE32+AG32+AI32+AK32+AM32+AO32+AQ32+AS32+AU32+AW32+AY32+BA32+BC32+BE32+BG32+BI32+BK32+BM32+BO32 -> 0 | BR32: =+F32+H32+J32+L32+N32+P32+R32+T32+V32+X32+Z32+AB32+AD32+AF32+AH32+AJ32+AL32+AN32+AP32+AR32+AT32+AV32+AX32+AZ32+BB32+BD32+BF32+BH32+BJ32+BL32+BN32+BP32 -> 0 | BS32: 1.92 | BT32: =+BS32*D32 -> 15.36 | BU32: 104500 | BV32: =+BU32*BT32 -> 1605120
... B34: LX8017 a2 | C34: 37 | D34: =C34+BQ34-BR34 -> 37 | BQ34: =+E34+G34+I34+K34+M34+O34+Q34+S34+U34+W34+Y34+AA34+AC34+AE34+AG34+AI34+AK34+AM34+AO34+AQ34+AS34+AU34+AW34+AY34+BA34+BC34+BE34+BG34+BI34+BK34+BM34+BO34 -> 0 | BR34: =+F34+H34+J34+L34+N34+P34+R34+T34+V34+X34+Z34+AB34+AD34+AF34+AH34+AJ34+AL34+AN34+AP34+AR34+AT34+AV34+AX34+AZ34+BB34+BD34+BF34+BH34+BJ34+BL34+BN34+BP34 -> 0 | BS34: 1.92 | BT34: =+BS34*D34 -> 71.04 | BU34: 90000 | BV34: =+BU34*BT34 -> 6393600
C35: 0 | D35: =C35+BQ35-BR35 -> 0 | BQ35: =+E35+G35+I35+K35+M35+O35+Q35+S35+U35+W35+Y35+AA35+AC35+AE35+AG35+AI35+AK35+AM35+AO35+AQ35+AS35+AU35+AW35+AY35+BA35+BC35+BE35+BG35+BI35+BK35+BM35+BO35 -> 0 | BR35: =+F35+H35+J35+L35+N35+P35+R35+T35+V35+X35+Z35+AB35+AD35+AF35+AH35+AJ35+AL35+AN35+AP35+AR35+AT35+AV35+AX35+AZ35+BB35+BD35+BF35+BH35+BJ35+BL35+BN35+BP35 -> 0 | BT35: =+BS35*D35 -> 0 | BV35: =+BU35*BT35 -> 0
A36: 80*80 ECO | B36: LP18101 | C36: 194.033 | D36: =C36+BQ36-BR36 -> 194.033 | BQ36: =+E36+G36+I36+K36+M36+O36+Q36+S36+U36+W36+Y36+AA36+AC36+AE36+AG36+AI36+AK36+AM36+AO36+AQ36+AS36+AU36+AW36+AY36+BA36+BC36+BE36+BG36+BI36+BK36+BM36+BO36 -> 0 | BR36: =+F36+H36+J36+L36+N36+P36+R36+T36+V36+X36+Z36+AB36+AD36+AF36+AH36+AJ36+AL36+AN36+AP36+AR36+AT36+AV36+AX36+AZ36+BB36+BD36+BF36+BH36+BJ36+BL36+BN36+BP36 -> 0 | BS36: 1.92 | BT36: =+BS36*D36 -> 372.54336 | BU36: 115810 | BV36: =+BU36*BT36 -> 43144247
B37: LP18101 A2 | C37: 0 | D37: =C37+BQ37-BR37 -> 0 | BQ37: =+E37+G37+I37+K37+M37+O37+Q37+S37+U37+W37+Y37+AA37+AC37+AE37+AG37+AI37+AK37+AM37+AO37+AQ37+AS37+AU37+AW37+AY37+BA37+BC37+BE37+BG37+BI37+BK37+BM37+BO37 -> 0 | BR37: =+F37+H37+J37+L37+N37+P37+R37+T37+V37+X37+Z37+AB37+AD37+AF37+AH37+AJ37+AL37+AN37+AP37+AR37+AT37+AV37+AX37+AZ37+BB37+BD37+BF37+BH37+BJ37+BL37+BN37+BP37 -> 0 | BS37: 1.92 | BT37: =+BS37*D37 -> 0 | BU37: 95210 | BV37: =+BU37*BT37 -> 0
B38: LP18102 | C38: 105 | D38: =C38+BQ38-BR38 -> 105 | BQ38: =+E38+G38+I38+K38+M38+O38+Q38+S38+U38+W38+Y38+AA38+AC38+AE38+AG38+AI38+AK38+AM38+AO38+AQ38+AS38+AU38+AW38+AY38+BA38+BC38+BE38+BG38+BI38+BK38+BM38+BO38 -> 0 | BR38: =+F38+H38+J38+L38+N38+P38+R38+T38+V38+X38+Z38+AB38+AD38+AF38+AH38+AJ38+AL38+AN38+AP38+AR38+AT38+AV38+AX38+AZ38+BB38+BD38+BF38+BH38+BJ38+BL38+BN38+BP38 -> 0 | BS38: 1.92 | BT38: =+BS38*D38 -> 201.6 | BU38: 115810 | BV38: =+BU38*BT38 -> 23347296
B39: LP18102 A2 | C39: 20 | D39: =C39+BQ39-BR39 -> 20 | BQ39: =+E39+G39+I39+K39+M39+O39+Q39+S39+U39+W39+Y39+AA39+AC39+AE39+AG39+AI39+AK39+AM39+AO39+AQ39+AS39+AU39+AW39+AY39+BA39+BC39+BE39+BG39+BI39+BK39+BM39+BO39 -> 0 | BR39: =+F39+H39+J39+L39+N39+P39+R39+T39+V39+X39+Z39+AB39+AD39+AF39+AH39+AJ39+AL39+AN39+AP39+AR39+AT39+AV39+AX39+AZ39+BB39+BD39+BF39+BH39+BJ39+BL39+BN39+BP39 -> 0 | BS39: 1.92 | BT39: =+BS39*D39 -> 38.4 | BU39: 95210 | BV39: =+BU39*BT39 -> 3656064
B40: LP18103 | C40: 186 | D40: =C40+BQ40-BR40 -> 186 | BQ40: =+E40+G40+I40+K40+M40+O40+Q40+S40+U40+W40+Y40+AA40+AC40+AE40+AG40+AI40+AK40+AM40+AO40+AQ40+AS40+AU40+AW40+AY40+BA40+BC40+BE40+BG40+BI40+BK40+BM40+BO40 -> 0 | BR40: =+F40+H40+J40+L40+N40+P40+R40+T40+V40+X40+Z40+AB40+AD40+AF40+AH40+AJ40+AL40+AN40+AP40+AR40+AT40+AV40+AX40+AZ40+BB40+BD40+BF40+BH40+BJ40+BL40+BN40+BP40 -> 0 | BS40: 1.92 | BT40: =+BS40*D40 -> 357.12 | BU40: 115810 | BV40: =+BU40*BT40 -> 41358067
B41: LP18103 A2 | C41: 0 | D41: =C41+BQ41-BR41 -> 0 | BQ41: =+E41+G41+I41+K41+M41+O41+Q41+S41+U41+W41+Y41+AA41+AC41+AE41+AG41+AI41+AK41+AM41+AO41+AQ41+AS41+AU41+AW41+AY41+BA41+BC41+BE41+BG41+BI41+BK41+BM41+BO41 -> 0 | BR41: =+F41+H41+J41+L41+N41+P41+R41+T41+V41+X41+Z41+AB41+AD41+AF41+AH41+AJ41+AL41+AN41+AP41+AR41+AT41+AV41+AX41+AZ41+BB41+BD41+BF41+BH41+BJ41+BL41+BN41+BP41 -> 0 | BS41: 1.92 | BT41: =+BS41*D41 -> 0 | BU41: 95210 | BV41: =+BU41*BT41 -> 0
B42: LP18104 | C42: 147 | D42: =C42+BQ42-BR42 -> 86 | H42: =55+6 -> 61 | BQ42: =+E42+G42+I42+K42+M42+O42+Q42+S42+U42+W42+Y42+AA42+AC42+AE42+AG42+AI42+AK42+AM42+AO42+AQ42+AS42+AU42+AW42+AY42+BA42+BC42+BE42+BG42+BI42+BK42+BM42+BO42 -> 0 | BR42: =+F42+H42+J42+L42+N42+P42+R42+T42+V42+X42+Z42+AB42+AD42+AF42+AH42+AJ42+AL42+AN42+AP42+AR42+AT42+AV42+AX42+AZ42+BB42+BD42+BF42+BH42+BJ42+BL42+BN42+BP42 -> 61 | BS42: 1.92 | BT42: =+BS42*D42 -> 165.12 | BU42: 115810 | BV42: =+BU42*BT42 -> 19122547
B43: LP18104 A2 | C43: 73 | D43: =C43+BQ43-BR43 -> 73 | BQ43: =+E43+G43+I43+K43+M43+O43+Q43+S43+U43+W43+Y43+AA43+AC43+AE43+AG43+AI43+AK43+AM43+AO43+AQ43+AS43+AU43+AW43+AY43+BA43+BC43+BE43+BG43+BI43+BK43+BM43+BO43 -> 0 | BR43: =+F43+H43+J43+L43+N43+P43+R43+T43+V43+X43+Z43+AB43+AD43+AF43+AH43+AJ43+AL43+AN43+AP43+AR43+AT43+AV43+AX43+AZ43+BB43+BD43+BF43+BH43+BJ43+BL43+BN43+BP43 -> 0 | BS43: 1.92 | BT43: =+BS43*D43 -> 140.16 | BU43: 90000 | BV43: =+BU43*BT43 -> 12614400
B44: LP18.8018 A1 | C44: 63 | D44: =C44+BQ44-BR44 -> 63 | BQ44: =+E44+G44+I44+K44+M44+O44+Q44+S44+U44+W44+Y44+AA44+AC44+AE44+AG44+AI44+AK44+AM44+AO44+AQ44+AS44+AU44+AW44+AY44+BA44+BC44+BE44+BG44+BI44+BK44+BM44+BO44 -> 0 | BR44: =+F44+H44+J44+L44+N44+P44+R44+T44+V44+X44+Z44+AB44+AD44+AF44+AH44+AJ44+AL44+AN44+AP44+AR44+AT44+AV44+AX44+AZ44+BB44+BD44+BF44+BH44+BJ44+BL44+BN44+BP44 -> 0 | BS44: 1.92 | BT44: =+BS44*D44 -> 120.96 | BU44: 115810 | BV44: =+BU44*BT44 -> 14008378
B45: LP18.8016 A1 | C45: 107 | D45: =C45+BQ45-BR45 -> 107 | BQ45: =+E45+G45+I45+K45+M45+O45+Q45+S45+U45+W45+Y45+AA45+AC45+AE45+AG45+AI45+AK45+AM45+AO45+AQ45+AS45+AU45+AW45+AY45+BA45+BC45+BE45+BG45+BI45+BK45+BM45+BO45 -> 0 | BR45: =+F45+H45+J45+L45+N45+P45+R45+T45+V45+X45+Z45+AB45+AD45+AF45+AH45+AJ45+AL45+AN45+AP45+AR45+AT45+AV45+AX45+AZ45+BB45+BD45+BF45+BH45+BJ45+BL45+BN45+BP45 -> 0 | BS45: 1.92 | BT45: =+BS45*D45 -> 205.44 | BU45: 115000 | BV45: =+BU45*BT45 -> 23625600
B46: LP18.8003 A2 | C46: 222.33 | D46: =C46+BQ46-BR46 -> 222.33 | BQ46: =+E46+G46+I46+K46+M46+O46+Q46+S46+U46+W46+Y46+AA46+AC46+AE46+AG46+AI46+AK46+AM46+AO46+AQ46+AS46+AU46+AW46+AY46+BA46+BC46+BE46+BG46+BI46+BK46+BM46+BO46 -> 0 | BR46: =+F46+H46+J46+L46+N46+P46+R46+T46+V46+X46+Z46+AB46+AD46+AF46+AH46+AJ46+AL46+AN46+AP46+AR46+AT46+AV46+AX46+AZ46+BB46+BD46+BF46+BH46+BJ46+BL46+BN46+BP46 -> 0 | BS46: 1.92 | BT46: =+BS46*D46 -> 426.8736 | BU46: 95210 | BV46: =+BU46*BT46 -> 40642635
B47: LP18.8021 A1 | C47: 79 | D47: =C47+BQ47-BR47 -> 79 | BQ47: =+E47+G47+I47+K47+M47+O47+Q47+S47+U47+W47+Y47+AA47+AC47+AE47+AG47+AI47+AK47+AM47+AO47+AQ47+AS47+AU47+AW47+AY47+BA47+BC47+BE47+BG47+BI47+BK47+BM47+BO47 -> 0 | BR47: =+F47+H47+J47+L47+N47+P47+R47+T47+V47+X47+Z47+AB47+AD47+AF47+AH47+AJ47+AL47+AN47+AP47+AR47+AT47+AV47+AX47+AZ47+BB47+BD47+BF47+BH47+BJ47+BL47+BN47+BP47 -> 0 | BS47: 1.92 | BT47: =+BS47*D47 -> 151.68 | BU47: 115810 | BV47: =+BU47*BT47 -> 17566061
C48: 0 | D48: =C48+BQ48-BR48 -> 0 | BQ48: =+E48+G48+I48+K48+M48+O48+Q48+S48+U48+W48+Y48+AA48+AC48+AE48+AG48+AI48+AK48+AM48+AO48+AQ48+AS48+AU48+AW48+AY48+BA48+BC48+BE48+BG48+BI48+BK48+BM48+BO48 -> 0 | BR48: =+F48+H48+J48+L48+N48+P48+R48+T48+V48+X48+Z48+AB48+AD48+AF48+AH48+AJ48+AL48+AN48+AP48+AR48+AT48+AV48+AX48+AZ48+BB48+BD48+BF48+BH48+BJ48+BL48+BN48+BP48 -> 0 | BT48: =+BS48*D48 -> 0 | BV48: =+BU48*BT48 -> 0
A49: GẠCH 60*60-BS | B49: LX6001 | C49: 69 | D49: =C49+BQ49-BR49 -> 69 | BQ49: =+E49+G49+I49+K49+M49+O49+Q49+S49+U49+W49+Y49+AA49+AC49+AE49+AG49+AI49+AK49+AM49+AO49+AQ49+AS49+AU49+AW49+AY49+BA49+BC49+BE49+BG49+BI49+BK49+BM49+BO49 -> 0 | BR49: =+F49+H49+J49+L49+N49+P49+R49+T49+V49+X49+Z49+AB49+AD49+AF49+AH49+AJ49+AL49+AN49+AP49+AR49+AT49+AV49+AX49+AZ49+BB49+BD49+BF49+BH49+BJ49+BL49+BN49+BP49 -> 0 | BS49: 1.44 | BT49: =+BS49*D49 -> 99.36 | BU49: 109900 | BV49: =+BU49*BT49 -> 10919664
B50: LX6007 | C50: 27 | D50: =C50+BQ50-BR50 -> 27 | BQ50: =+E50+G50+I50+K50+M50+O50+Q50+S50+U50+W50+Y50+AA50+AC50+AE50+AG50+AI50+AK50+AM50+AO50+AQ50+AS50+AU50+AW50+AY50+BA50+BC50+BE50+BG50+BI50+BK50+BM50+BO50 -> 0 | BR50: =+F50+H50+J50+L50+N50+P50+R50+T50+V50+X50+Z50+AB50+AD50+AF50+AH50+AJ50+AL50+AN50+AP50+AR50+AT50+AV50+AX50+AZ50+BB50+BD50+BF50+BH50+BJ50+BL50+BN50+BP50 -> 0 | BS50: 1.44 | BT50: =+BS50*D50 -> 38.88 | BU50: 109900 | BV50: =+BU50*BT50 -> 4272912
B51: LX6602 | C51: 3.5 | D51: =C51+BQ51-BR51 -> 3.5 | BQ51: =+E51+G51+I51+K51+M51+O51+Q51+S51+U51+W51+Y51+AA51+AC51+AE51+AG51+AI51+AK51+AM51+AO51+AQ51+AS51+AU51+AW51+AY51+BA51+BC51+BE51+BG51+BI51+BK51+BM51+BO51 -> 0 | BR51: =+F51+H51+J51+L51+N51+P51+R51+T51+V51+X51+Z51+AB51+AD51+AF51+AH51+AJ51+AL51+AN51+AP51+AR51+AT51+AV51+AX51+AZ51+BB51+BD51+BF51+BH51+BJ51+BL51+BN51+BP51 -> 0 | BS51: 1.44 | BT51: =+BS51*D51 -> 5.04 | BU51: 109900 | BV51: =+BU51*BT51 -> 553896
B52: LX6609 | C52: 380 | D52: =C52+BQ52-BR52 -> 380 | BQ52: =+E52+G52+I52+K52+M52+O52+Q52+S52+U52+W52+Y52+AA52+AC52+AE52+AG52+AI52+AK52+AM52+AO52+AQ52+AS52+AU52+AW52+AY52+BA52+BC52+BE52+BG52+BI52+BK52+BM52+BO52 -> 0 | BR52: =+F52+H52+J52+L52+N52+P52+R52+T52+V52+X52+Z52+AB52+AD52+AF52+AH52+AJ52+AL52+AN52+AP52+AR52+AT52+AV52+AX52+AZ52+BB52+BD52+BF52+BH52+BJ52+BL52+BN52+BP52 -> 0 | BS52: 1.44 | BT52: =+BS52*D52 -> 547.2 | BU52: 109900 | BV52: =+BU52*BT52 -> 60137280
B53: LX6610 | C53: 32.75 | D53: =C53+BQ53-BR53 -> 32.75 | BQ53: =+E53+G53+I53+K53+M53+O53+Q53+S53+U53+W53+Y53+AA53+AC53+AE53+AG53+AI53+AK53+AM53+AO53+AQ53+AS53+AU53+AW53+AY53+BA53+BC53+BE53+BG53+BI53+BK53+BM53+BO53 -> 0 | BR53: =+F53+H53+J53+L53+N53+P53+R53+T53+V53+X53+Z53+AB53+AD53+AF53+AH53+AJ53+AL53+AN53+AP53+AR53+AT53+AV53+AX53+AZ53+BB53+BD53+BF53+BH53+BJ53+BL53+BN53+BP53 -> 0 | BS53: 1.44 | BT53: =+BS53*D53 -> 47.16 | BU53: 109900 | BV53: =+BU53*BT53 -> 5182884
B54: LX6614 | C54: 9 | D54: =C54+BQ54-BR54 -> 9 | BQ54: =+E54+G54+I54+K54+M54+O54+Q54+S54+U54+W54+Y54+AA54+AC54+AE54+AG54+AI54+AK54+AM54+AO54+AQ54+AS54+AU54+AW54+AY54+BA54+BC54+BE54+BG54+BI54+BK54+BM54+BO54 -> 0 | BR54: =+F54+H54+J54+L54+N54+P54+R54+T54+V54+X54+Z54+AB54+AD54+AF54+AH54+AJ54+AL54+AN54+AP54+AR54+AT54+AV54+AX54+AZ54+BB54+BD54+BF54+BH54+BJ54+BL54+BN54+BP54 -> 0 | BS54: 1.44 | BT54: =+BS54*D54 -> 12.96 | BU54: 109900 | BV54: =+BU54*BT54 -> 1424304
B55: LX6614 A2 | C55: 36 | D55: =C55+BQ55-BR55 -> 36 | BQ55: =+E55+G55+I55+K55+M55+O55+Q55+S55+U55+W55+Y55+AA55+AC55+AE55+AG55+AI55+AK55+AM55+AO55+AQ55+AS55+AU55+AW55+AY55+BA55+BC55+BE55+BG55+BI55+BK55+BM55+BO55 -> 0 | BR55: =+F55+H55+J55+L55+N55+P55+R55+T55+V55+X55+Z55+AB55+AD55+AF55+AH55+AJ55+AL55+AN55+AP55+AR55+AT55+AV55+AX55+AZ55+BB55+BD55+BF55+BH55+BJ55+BL55+BN55+BP55 -> 0 | BS55: 1.44 | BT55: =+BS55*D55 -> 51.84 | BU55: 85800 | BV55: =+BU55*BT55 -> 4447872
B56: LX6616 | C56: 73 | D56: =C56+BQ56-BR56 -> 73 | BQ56: =+E56+G56+I56+K56+M56+O56+Q56+S56+U56+W56+Y56+AA56+AC56+AE56+AG56+AI56+AK56+AM56+AO56+AQ56+AS56+AU56+AW56+AY56+BA56+BC56+BE56+BG56+BI56+BK56+BM56+BO56 -> 0 | BR56: =+F56+H56+J56+L56+N56+P56+R56+T56+V56+X56+Z56+AB56+AD56+AF56+AH56+AJ56+AL56+AN56+AP56+AR56+AT56+AV56+AX56+AZ56+BB56+BD56+BF56+BH56+BJ56+BL56+BN56+BP56 -> 0 | BS56: 1.44 | BT56: =+BS56*D56 -> 105.12 | BU56: 109900 | BV56: =+BU56*BT56 -> 11552688
B57: LX6617 | C57: 138 | D57: =C57+BQ57-BR57 -> 138 | BQ57: =+E57+G57+I57+K57+M57+O57+Q57+S57+U57+W57+Y57+AA57+AC57+AE57+AG57+AI57+AK57+AM57+AO57+AQ57+AS57+AU57+AW57+AY57+BA57+BC57+BE57+BG57+BI57+BK57+BM57+BO57 -> 0 | BR57: =+F57+H57+J57+L57+N57+P57+R57+T57+V57+X57+Z57+AB57+AD57+AF57+AH57+AJ57+AL57+AN57+AP57+AR57+AT57+AV57+AX57+AZ57+BB57+BD57+BF57+BH57+BJ57+BL57+BN57+BP57 -> 0 | BS57: 1.44 | BT57: =+BS57*D57 -> 198.72 | BU57: 109900 | BV57: =+BU57*BT57 -> 21839328
B58: LX6618 | C58: 63 | D58: =C58+BQ58-BR58 -> 63 | BQ58: =+E58+G58+I58+K58+M58+O58+Q58+S58+U58+W58+Y58+AA58+AC58+AE58+AG58+AI58+AK58+AM58+AO58+AQ58+AS58+AU58+AW58+AY58+BA58+BC58+BE58+BG58+BI58+BK58+BM58+BO58 -> 0 | BR58: =+F58+H58+J58+L58+N58+P58+R58+T58+V58+X58+Z58+AB58+AD58+AF58+AH58+AJ58+AL58+AN58+AP58+AR58+AT58+AV58+AX58+AZ58+BB58+BD58+BF58+BH58+BJ58+BL58+BN58+BP58 -> 0 | BS58: 1.44 | BT58: =+BS58*D58 -> 90.72 | BU58: 109900 | BV58: =+BU58*BT58 -> 9970128
B59: LX6621 | C59: 35 | D59: =C59+BQ59-BR59 -> 35 | BQ59: =+E59+G59+I59+K59+M59+O59+Q59+S59+U59+W59+Y59+AA59+AC59+AE59+AG59+AI59+AK59+AM59+AO59+AQ59+AS59+AU59+AW59+AY59+BA59+BC59+BE59+BG59+BI59+BK59+BM59+BO59 -> 0 | BR59: =+F59+H59+J59+L59+N59+P59+R59+T59+V59+X59+Z59+AB59+AD59+AF59+AH59+AJ59+AL59+AN59+AP59+AR59+AT59+AV59+AX59+AZ59+BB59+BD59+BF59+BH59+BJ59+BL59+BN59+BP59 -> 0 | BS59: 1.44 | BT59: =+BS59*D59 -> 50.4 | BU59: 109900 | BV59: =+BU59*BT59 -> 5538960
A60: 60*60-ECO | B60: LP96101 | C60: 17 | D60: =C60+BQ60-BR60 -> 17 | BQ60: =+E60+G60+I60+K60+M60+O60+Q60+S60+U60+W60+Y60+AA60+AC60+AE60+AG60+AI60+AK60+AM60+AO60+AQ60+AS60+AU60+AW60+AY60+BA60+BC60+BE60+BG60+BI60+BK60+BM60+BO60 -> 0 | BR60: =+F60+H60+J60+L60+N60+P60+R60+T60+V60+X60+Z60+AB60+AD60+AF60+AH60+AJ60+AL60+AN60+AP60+AR60+AT60+AV60+AX60+AZ60+BB60+BD60+BF60+BH60+BJ60+BL60+BN60+BP60 -> 0 | BS60: 1.44 | BT60: =+BS60*D60 -> 24.48 | BU60: 105360 | BV60: =+BU60*BT60 -> 2579212.8
B61: LP96102 | C61: 21 | D61: =C61+BQ61-BR61 -> 21 | BQ61: =+E61+G61+I61+K61+M61+O61+Q61+S61+U61+W61+Y61+AA61+AC61+AE61+AG61+AI61+AK61+AM61+AO61+AQ61+AS61+AU61+AW61+AY61+BA61+BC61+BE61+BG61+BI61+BK61+BM61+BO61 -> 0 | BR61: =+F61+H61+J61+L61+N61+P61+R61+T61+V61+X61+Z61+AB61+AD61+AF61+AH61+AJ61+AL61+AN61+AP61+AR61+AT61+AV61+AX61+AZ61+BB61+BD61+BF61+BH61+BJ61+BL61+BN61+BP61 -> 0 | BS61: 1.44 | BT61: =+BS61*D61 -> 30.24 | BU61: 105360 | BV61: =+BU61*BT61 -> 3186086.4
B62: LP96102 A2 | C62: 15 | D62: =C62+BQ62-BR62 -> 15 | BQ62: =+E62+G62+I62+K62+M62+O62+Q62+S62+U62+W62+Y62+AA62+AC62+AE62+AG62+AI62+AK62+AM62+AO62+AQ62+AS62+AU62+AW62+AY62+BA62+BC62+BE62+BG62+BI62+BK62+BM62+BO62 -> 0 | BR62: =+F62+H62+J62+L62+N62+P62+R62+T62+V62+X62+Z62+AB62+AD62+AF62+AH62+AJ62+AL62+AN62+AP62+AR62+AT62+AV62+AX62+AZ62+BB62+BD62+BF62+BH62+BJ62+BL62+BN62+BP62 -> 0 | BS62: 1.44 | BT62: =+BS62*D62 -> 21.6 | BU62: 87850 | BV62: =+BU62*BT62 -> 1897560
B63: LP96103 | C63: 66.75 | D63: =C63+BQ63-BR63 -> 66.75 | BQ63: =+E63+G63+I63+K63+M63+O63+Q63+S63+U63+W63+Y63+AA63+AC63+AE63+AG63+AI63+AK63+AM63+AO63+AQ63+AS63+AU63+AW63+AY63+BA63+BC63+BE63+BG63+BI63+BK63+BM63+BO63 -> 0 | BR63: =+F63+H63+J63+L63+N63+P63+R63+T63+V63+X63+Z63+AB63+AD63+AF63+AH63+AJ63+AL63+AN63+AP63+AR63+AT63+AV63+AX63+AZ63+BB63+BD63+BF63+BH63+BJ63+BL63+BN63+BP63 -> 0 | BS63: 1.44 | BT63: =+BS63*D63 -> 96.12 | BU63: 105360 | BV63: =+BU63*BT63 -> 10127203
B64: LP96103 A2 | C64: 0 | D64: =C64+BQ64-BR64 -> 0 | BQ64: =+E64+G64+I64+K64+M64+O64+Q64+S64+U64+W64+Y64+AA64+AC64+AE64+AG64+AI64+AK64+AM64+AO64+AQ64+AS64+AU64+AW64+AY64+BA64+BC64+BE64+BG64+BI64+BK64+BM64+BO64 -> 0 | BR64: =+F64+H64+J64+L64+N64+P64+R64+T64+V64+X64+Z64+AB64+AD64+AF64+AH64+AJ64+AL64+AN64+AP64+AR64+AT64+AV64+AX64+AZ64+BB64+BD64+BF64+BH64+BJ64+BL64+BN64+BP64 -> 0 | BS64: 1.44 | BT64: =+BS64*D64 -> 0 | BU64: 87850 | BV64: =+BU64*BT64 -> 0
B65: LP96104 | C65: 10 | D65: =C65+BQ65-BR65 -> 10 | BQ65: =+E65+G65+I65+K65+M65+O65+Q65+S65+U65+W65+Y65+AA65+AC65+AE65+AG65+AI65+AK65+AM65+AO65+AQ65+AS65+AU65+AW65+AY65+BA65+BC65+BE65+BG65+BI65+BK65+BM65+BO65 -> 0 | BR65: =+F65+H65+J65+L65+N65+P65+R65+T65+V65+X65+Z65+AB65+AD65+AF65+AH65+AJ65+AL65+AN65+AP65+AR65+AT65+AV65+AX65+AZ65+BB65+BD65+BF65+BH65+BJ65+BL65+BN65+BP65 -> 0 | BS65: 1.44 | BT65: =+BS65*D65 -> 14.4 | BU65: 105360 | BV65: =+BU65*BT65 -> 1517184
B66: LP96-6603 | C66: 52.5 | D66: =C66+BQ66-BR66 -> 52.5 | BQ66: =+E66+G66+I66+K66+M66+O66+Q66+S66+U66+W66+Y66+AA66+AC66+AE66+AG66+AI66+AK66+AM66+AO66+AQ66+AS66+AU66+AW66+AY66+BA66+BC66+BE66+BG66+BI66+BK66+BM66+BO66 -> 0 | BR66: =+F66+H66+J66+L66+N66+P66+R66+T66+V66+X66+Z66+AB66+AD66+AF66+AH66+AJ66+AL66+AN66+AP66+AR66+AT66+AV66+AX66+AZ66+BB66+BD66+BF66+BH66+BJ66+BL66+BN66+BP66 -> 0 | BS66: 1.44 | BT66: =+BS66*D66 -> 75.6 | BU66: 105360 | BV66: =+BU66*BT66 -> 7965216
B67: LP96-6603 A2 | C67: 0 | D67: =C67+BQ67-BR67 -> 0 | BQ67: =+E67+G67+I67+K67+M67+O67+Q67+S67+U67+W67+Y67+AA67+AC67+AE67+AG67+AI67+AK67+AM67+AO67+AQ67+AS67+AU67+AW67+AY67+BA67+BC67+BE67+BG67+BI67+BK67+BM67+BO67 -> 0 | BR67: =+F67+H67+J67+L67+N67+P67+R67+T67+V67+X67+Z67+AB67+AD67+AF67+AH67+AJ67+AL67+AN67+AP67+AR67+AT67+AV67+AX67+AZ67+BB67+BD67+BF67+BH67+BJ67+BL67+BN67+BP67 -> 0 | BS67: 1.44 | BT67: =+BS67*D67 -> 0 | BU67: 87850 | BV67: =+BU67*BT67 -> 0
C68: 0 | D68: =C68+BQ68-BR68 -> 0 | BQ68: =+E68+G68+I68+K68+M68+O68+Q68+S68+U68+W68+Y68+AA68+AC68+AE68+AG68+AI68+AK68+AM68+AO68+AQ68+AS68+AU68+AW68+AY68+BA68+BC68+BE68+BG68+BI68+BK68+BM68+BO68 -> 0 | BR68: =+F68+H68+J68+L68+N68+P68+R68+T68+V68+X68+Z68+AB68+AD68+AF68+AH68+AJ68+AL68+AN68+AP68+AR68+AT68+AV68+AX68+AZ68+BB68+BD68+BF68+BH68+BJ68+BL68+BN68+BP68 -> 0 | BT68: =+BS68*D68 -> 0 | BV68: =+BU68*BT68 -> 0
A69: 60*60 CERAMIC | B69: LXC6105 | C69: 186.5 | D69: =C69+BQ69-BR69 -> 167.5 | F69: 19 | BQ69: =+E69+G69+I69+K69+M69+O69+Q69+S69+U69+W69+Y69+AA69+AC69+AE69+AG69+AI69+AK69+AM69+AO69+AQ69+AS69+AU69+AW69+AY69+BA69+BC69+BE69+BG69+BI69+BK69+BM69+BO69 -> 0 | BR69: =+F69+H69+J69+L69+N69+P69+R69+T69+V69+X69+Z69+AB69+AD69+AF69+AH69+AJ69+AL69+AN69+AP69+AR69+AT69+AV69+AX69+AZ69+BB69+BD69+BF69+BH69+BJ69+BL69+BN69+BP69 -> 19 | BS69: 1.44 | BT69: =+BS69*D69 -> 241.2 | BU69: 71000 | BV69: =+BU69*BT69 -> 17125200
B70: LXC6110-đuôi h3 | C70: 143 | D70: =C70+BQ70-BR70 -> 113 | H70: 24 | P70: 6 | BQ70: =+E70+G70+I70+K70+M70+O70+Q70+S70+U70+W70+Y70+AA70+AC70+AE70+AG70+AI70+AK70+AM70+AO70+AQ70+AS70+AU70+AW70+AY70+BA70+BC70+BE70+BG70+BI70+BK70+BM70+BO70 -> 0 | BR70: =+F70+H70+J70+L70+N70+P70+R70+T70+V70+X70+Z70+AB70+AD70+AF70+AH70+AJ70+AL70+AN70+AP70+AR70+AT70+AV70+AX70+AZ70+BB70+BD70+BF70+BH70+BJ70+BL70+BN70+BP70 -> 30 | BS70: 1.44 | BT70: =+BS70*D70 -> 162.72 | BU70: 71000 | BV70: =+BU70*BT70 -> 11553120
B71: LXC6110 A3 | C71: 0 | D71: =C71+BQ71-BR71 -> 0 | BQ71: =+E71+G71+I71+K71+M71+O71+Q71+S71+U71+W71+Y71+AA71+AC71+AE71+AG71+AI71+AK71+AM71+AO71+AQ71+AS71+AU71+AW71+AY71+BA71+BC71+BE71+BG71+BI71+BK71+BM71+BO71 -> 0 | BR71: =+F71+H71+J71+L71+N71+P71+R71+T71+V71+X71+Z71+AB71+AD71+AF71+AH71+AJ71+AL71+AN71+AP71+AR71+AT71+AV71+AX71+AZ71+BB71+BD71+BF71+BH71+BJ71+BL71+BN71+BP71 -> 0 | BS71: 1.44 | BT71: =+BS71*D71 -> 0 | BU71: 51000 | BV71: =+BU71*BT71 -> 0
B72: LXC6112-h11 | C72: 403 | D72: =C72+BQ72-BR72 -> 333 | N72: 70 | BQ72: =+E72+G72+I72+K72+M72+O72+Q72+S72+U72+W72+Y72+AA72+AC72+AE72+AG72+AI72+AK72+AM72+AO72+AQ72+AS72+AU72+AW72+AY72+BA72+BC72+BE72+BG72+BI72+BK72+BM72+BO72 -> 0 | BR72: =+F72+H72+J72+L72+N72+P72+R72+T72+V72+X72+Z72+AB72+AD72+AF72+AH72+AJ72+AL72+AN72+AP72+AR72+AT72+AV72+AX72+AZ72+BB72+BD72+BF72+BH72+BJ72+BL72+BN72+BP72 -> 70 | BS72: 1.44 | BT72: =+BS72*D72 -> 479.52 | BU72: 71000 | BV72: =+BU72*BT72 -> 34045920
B73: LXC6114 | C73: 42 | D73: =C73+BQ73-BR73 -> 42 | BQ73: =+E73+G73+I73+K73+M73+O73+Q73+S73+U73+W73+Y73+AA73+AC73+AE73+AG73+AI73+AK73+AM73+AO73+AQ73+AS73+AU73+AW73+AY73+BA73+BC73+BE73+BG73+BI73+BK73+BM73+BO73 -> 0 | BR73: =+F73+H73+J73+L73+N73+P73+R73+T73+V73+X73+Z73+AB73+AD73+AF73+AH73+AJ73+AL73+AN73+AP73+AR73+AT73+AV73+AX73+AZ73+BB73+BD73+BF73+BH73+BJ73+BL73+BN73+BP73 -> 0 | BS73: 1.44 | BT73: =+BS73*D73 -> 60.48 | BU73: 71000 | BV73: =+BU73*BT73 -> 4294080
B74: LXC6115 | C74: 96.5 | D74: =C74+BQ74-BR74 -> 96.5 | BQ74: =+E74+G74+I74+K74+M74+O74+Q74+S74+U74+W74+Y74+AA74+AC74+AE74+AG74+AI74+AK74+AM74+AO74+AQ74+AS74+AU74+AW74+AY74+BA74+BC74+BE74+BG74+BI74+BK74+BM74+BO74 -> 0 | BR74: =+F74+H74+J74+L74+N74+P74+R74+T74+V74+X74+Z74+AB74+AD74+AF74+AH74+AJ74+AL74+AN74+AP74+AR74+AT74+AV74+AX74+AZ74+BB74+BD74+BF74+BH74+BJ74+BL74+BN74+BP74 -> 0 | BS74: 1.44 | BT74: =+BS74*D74 -> 138.96 | BU74: 71000 | BV74: =+BU74*BT74 -> 9866160
B75: LXC6116 | C75: 30 | D75: =C75+BQ75-BR75 -> 30 | BQ75: =+E75+G75+I75+K75+M75+O75+Q75+S75+U75+W75+Y75+AA75+AC75+AE75+AG75+AI75+AK75+AM75+AO75+AQ75+AS75+AU75+AW75+AY75+BA75+BC75+BE75+BG75+BI75+BK75+BM75+BO75 -> 0 | BR75: =+F75+H75+J75+L75+N75+P75+R75+T75+V75+X75+Z75+AB75+AD75+AF75+AH75+AJ75+AL75+AN75+AP75+AR75+AT75+AV75+AX75+AZ75+BB75+BD75+BF75+BH75+BJ75+BL75+BN75+BP75 -> 0 | BS75: 1.44 | BT75: =+BS75*D75 -> 43.2 | BU75: 71000 | BV75: =+BU75*BT75 -> 3067200
B76: LXC6117 | C76: 2 | D76: =C76+BQ76-BR76 -> 2 | BQ76: =+E76+G76+I76+K76+M76+O76+Q76+S76+U76+W76+Y76+AA76+AC76+AE76+AG76+AI76+AK76+AM76+AO76+AQ76+AS76+AU76+AW76+AY76+BA76+BC76+BE76+BG76+BI76+BK76+BM76+BO76 -> 0 | BR76: =+F76+H76+J76+L76+N76+P76+R76+T76+V76+X76+Z76+AB76+AD76+AF76+AH76+AJ76+AL76+AN76+AP76+AR76+AT76+AV76+AX76+AZ76+BB76+BD76+BF76+BH76+BJ76+BL76+BN76+BP76 -> 0 | BS76: 1.44 | BT76: =+BS76*D76 -> 2.88 | BU76: 71000 | BV76: =+BU76*BT76 -> 204480
B77: LXC6118 | C77: 5.5 | D77: =C77+BQ77-BR77 -> 5.5 | BQ77: =+E77+G77+I77+K77+M77+O77+Q77+S77+U77+W77+Y77+AA77+AC77+AE77+AG77+AI77+AK77+AM77+AO77+AQ77+AS77+AU77+AW77+AY77+BA77+BC77+BE77+BG77+BI77+BK77+BM77+BO77 -> 0 | BR77: =+F77+H77+J77+L77+N77+P77+R77+T77+V77+X77+Z77+AB77+AD77+AF77+AH77+AJ77+AL77+AN77+AP77+AR77+AT77+AV77+AX77+AZ77+BB77+BD77+BF77+BH77+BJ77+BL77+BN77+BP77 -> 0 | BS77: 1.44 | BT77: =+BS77*D77 -> 7.92 | BU77: 71000 | BV77: =+BU77*BT77 -> 562320
B78: LXC6119 | C78: 3.75 | D78: =C78+BQ78-BR78 -> 3.75 | BQ78: =+E78+G78+I78+K78+M78+O78+Q78+S78+U78+W78+Y78+AA78+AC78+AE78+AG78+AI78+AK78+AM78+AO78+AQ78+AS78+AU78+AW78+AY78+BA78+BC78+BE78+BG78+BI78+BK78+BM78+BO78 -> 0 | BR78: =+F78+H78+J78+L78+N78+P78+R78+T78+V78+X78+Z78+AB78+AD78+AF78+AH78+AJ78+AL78+AN78+AP78+AR78+AT78+AV78+AX78+AZ78+BB78+BD78+BF78+BH78+BJ78+BL78+BN78+BP78 -> 0 | BS78: 1.44 | BT78: =+BS78*D78 -> 5.4 | BU78: 71000 | BV78: =+BU78*BT78 -> 383400
C79: 0 | D79: =C79+BQ79-BR79 -> 0 | BQ79: =+E79+G79+I79+K79+M79+O79+Q79+S79+U79+W79+Y79+AA79+AC79+AE79+AG79+AI79+AK79+AM79+AO79+AQ79+AS79+AU79+AW79+AY79+BA79+BC79+BE79+BG79+BI79+BK79+BM79+BO79 -> 0 | BR79: =+F79+H79+J79+L79+N79+P79+R79+T79+V79+X79+Z79+AB79+AD79+AF79+AH79+AJ79+AL79+AN79+AP79+AR79+AT79+AV79+AX79+AZ79+BB79+BD79+BF79+BH79+BJ79+BL79+BN79+BP79 -> 0 | BT79: =+BS79*D79 -> 0 | BV79: =+BU79*BT79 -> 0
A80: 40*80 CERAMIC | B80: LV4850 | C80: 6 | D80: =C80+BQ80-BR80 -> 6 | BQ80: =+E80+G80+I80+K80+M80+O80+Q80+S80+U80+W80+Y80+AA80+AC80+AE80+AG80+AI80+AK80+AM80+AO80+AQ80+AS80+AU80+AW80+AY80+BA80+BC80+BE80+BG80+BI80+BK80+BM80+BO80 -> 0 | BR80: =+F80+H80+J80+L80+N80+P80+R80+T80+V80+X80+Z80+AB80+AD80+AF80+AH80+AJ80+AL80+AN80+AP80+AR80+AT80+AV80+AX80+AZ80+BB80+BD80+BF80+BH80+BJ80+BL80+BN80+BP80 -> 0 | BS80: 1.28 | BT80: =+BS80*D80 -> 7.68 | BU80: 86000 | BV80: =+BU80*BT80 -> 660480
B81: LV4850 A2 | C81: 0 | D81: =C81+BQ81-BR81 -> 0 | BQ81: =+E81+G81+I81+K81+M81+O81+Q81+S81+U81+W81+Y81+AA81+AC81+AE81+AG81+AI81+AK81+AM81+AO81+AQ81+AS81+AU81+AW81+AY81+BA81+BC81+BE81+BG81+BI81+BK81+BM81+BO81 -> 0 | BR81: =+F81+H81+J81+L81+N81+P81+R81+T81+V81+X81+Z81+AB81+AD81+AF81+AH81+AJ81+AL81+AN81+AP81+AR81+AT81+AV81+AX81+AZ81+BB81+BD81+BF81+BH81+BJ81+BL81+BN81+BP81 -> 0 | BS81: 1.28 | BT81: =+BS81*D81 -> 0 | BU81: 58000 | BV81: =+BU81*BT81 -> 0
B82: LV48000 A2 | C82: 287 | D82: =C82+BQ82-BR82 -> 287 | BQ82: =+E82+G82+I82+K82+M82+O82+Q82+S82+U82+W82+Y82+AA82+AC82+AE82+AG82+AI82+AK82+AM82+AO82+AQ82+AS82+AU82+AW82+AY82+BA82+BC82+BE82+BG82+BI82+BK82+BM82+BO82 -> 0 | BR82: =+F82+H82+J82+L82+N82+P82+R82+T82+V82+X82+Z82+AB82+AD82+AF82+AH82+AJ82+AL82+AN82+AP82+AR82+AT82+AV82+AX82+AZ82+BB82+BD82+BF82+BH82+BJ82+BL82+BN82+BP82 -> 0 | BS82: 1.28 | BT82: =+BS82*D82 -> 367.36 | BU82: 58000 | BV82: =+BU82*BT82 -> 21306880
B83: LV4851 | C83: 17 | D83: =C83+BQ83-BR83 -> 17 | BQ83: =+E83+G83+I83+K83+M83+O83+Q83+S83+U83+W83+Y83+AA83+AC83+AE83+AG83+AI83+AK83+AM83+AO83+AQ83+AS83+AU83+AW83+AY83+BA83+BC83+BE83+BG83+BI83+BK83+BM83+BO83 -> 0 | BR83: =+F83+H83+J83+L83+N83+P83+R83+T83+V83+X83+Z83+AB83+AD83+AF83+AH83+AJ83+AL83+AN83+AP83+AR83+AT83+AV83+AX83+AZ83+BB83+BD83+BF83+BH83+BJ83+BL83+BN83+BP83 -> 0 | BS83: 1.28 | BT83: =+BS83*D83 -> 21.76 | BU83: 69500 | BV83: =+BU83*BT83 -> 1512320
B84: LX4861 | C84: 65 | D84: =C84+BQ84-BR84 -> 65 | BQ84: =+E84+G84+I84+K84+M84+O84+Q84+S84+U84+W84+Y84+AA84+AC84+AE84+AG84+AI84+AK84+AM84+AO84+AQ84+AS84+AU84+AW84+AY84+BA84+BC84+BE84+BG84+BI84+BK84+BM84+BO84 -> 0 | BR84: =+F84+H84+J84+L84+N84+P84+R84+T84+V84+X84+Z84+AB84+AD84+AF84+AH84+AJ84+AL84+AN84+AP84+AR84+AT84+AV84+AX84+AZ84+BB84+BD84+BF84+BH84+BJ84+BL84+BN84+BP84 -> 0 | BS84: 1.28 | BT84: =+BS84*D84 -> 83.2 | BU84: 110500 | BV84: =+BU84*BT84 -> 9193600
B85: LX4862 | C85: 622 | D85: =C85+BQ85-BR85 -> 622 | BQ85: =+E85+G85+I85+K85+M85+O85+Q85+S85+U85+W85+Y85+AA85+AC85+AE85+AG85+AI85+AK85+AM85+AO85+AQ85+AS85+AU85+AW85+AY85+BA85+BC85+BE85+BG85+BI85+BK85+BM85+BO85 -> 0 | BR85: =+F85+H85+J85+L85+N85+P85+R85+T85+V85+X85+Z85+AB85+AD85+AF85+AH85+AJ85+AL85+AN85+AP85+AR85+AT85+AV85+AX85+AZ85+BB85+BD85+BF85+BH85+BJ85+BL85+BN85+BP85 -> 0 | BS85: 1.28 | BT85: =+BS85*D85 -> 796.16 | BU85: 69500 | BV85: =+BU85*BT85 -> 55333120
B86: LX4863 | C86: 158 | D86: =C86+BQ86-BR86 -> 158 | BQ86: =+E86+G86+I86+K86+M86+O86+Q86+S86+U86+W86+Y86+AA86+AC86+AE86+AG86+AI86+AK86+AM86+AO86+AQ86+AS86+AU86+AW86+AY86+BA86+BC86+BE86+BG86+BI86+BK86+BM86+BO86 -> 0 | BR86: =+F86+H86+J86+L86+N86+P86+R86+T86+V86+X86+Z86+AB86+AD86+AF86+AH86+AJ86+AL86+AN86+AP86+AR86+AT86+AV86+AX86+AZ86+BB86+BD86+BF86+BH86+BJ86+BL86+BN86+BP86 -> 0 | BS86: 1.28 | BT86: =+BS86*D86 -> 202.24 | BU86: 110500 | BV86: =+BU86*BT86 -> 22347520
B87: LX4865 | C87: 116 | D87: =C87+BQ87-BR87 -> 116 | BQ87: =+E87+G87+I87+K87+M87+O87+Q87+S87+U87+W87+Y87+AA87+AC87+AE87+AG87+AI87+AK87+AM87+AO87+AQ87+AS87+AU87+AW87+AY87+BA87+BC87+BE87+BG87+BI87+BK87+BM87+BO87 -> 0 | BR87: =+F87+H87+J87+L87+N87+P87+R87+T87+V87+X87+Z87+AB87+AD87+AF87+AH87+AJ87+AL87+AN87+AP87+AR87+AT87+AV87+AX87+AZ87+BB87+BD87+BF87+BH87+BJ87+BL87+BN87+BP87 -> 0 | BS87: 1.28 | BT87: =+BS87*D87 -> 148.48 | BU87: 110500 | BV87: =+BU87*BT87 -> 16407040
B88: LX4864- ĐIỂM | C88: 115 | D88: =C88+BQ88-BR88 -> 115 | BQ88: =+E88+G88+I88+K88+M88+O88+Q88+S88+U88+W88+Y88+AA88+AC88+AE88+AG88+AI88+AK88+AM88+AO88+AQ88+AS88+AU88+AW88+AY88+BA88+BC88+BE88+BG88+BI88+BK88+BM88+BO88 -> 0 | BR88: =+F88+H88+J88+L88+N88+P88+R88+T88+V88+X88+Z88+AB88+AD88+AF88+AH88+AJ88+AL88+AN88+AP88+AR88+AT88+AV88+AX88+AZ88+BB88+BD88+BF88+BH88+BJ88+BL88+BN88+BP88 -> 0 | BS88: 1.28 | BT88: =+BS88*D88 -> 147.2 | BU88: 115000 | BV88: =+BU88*BT88 -> 16928000
B89: LX4867 | C89: 32 | D89: =C89+BQ89-BR89 -> 32 | BQ89: =+E89+G89+I89+K89+M89+O89+Q89+S89+U89+W89+Y89+AA89+AC89+AE89+AG89+AI89+AK89+AM89+AO89+AQ89+AS89+AU89+AW89+AY89+BA89+BC89+BE89+BG89+BI89+BK89+BM89+BO89 -> 0 | BR89: =+F89+H89+J89+L89+N89+P89+R89+T89+V89+X89+Z89+AB89+AD89+AF89+AH89+AJ89+AL89+AN89+AP89+AR89+AT89+AV89+AX89+AZ89+BB89+BD89+BF89+BH89+BJ89+BL89+BN89+BP89 -> 0 | BS89: 1.28 | BT89: =+BS89*D89 -> 40.96 | BU89: 110500 | BV89: =+BU89*BT89 -> 4526080
C90: 0 | D90: =C90+BQ90-BR90 -> 0 | BQ90: =+E90+G90+I90+K90+M90+O90+Q90+S90+U90+W90+Y90+AA90+AC90+AE90+AG90+AI90+AK90+AM90+AO90+AQ90+AS90+AU90+AW90+AY90+BA90+BC90+BE90+BG90+BI90+BK90+BM90+BO90 -> 0 | BR90: =+F90+H90+J90+L90+N90+P90+R90+T90+V90+X90+Z90+AB90+AD90+AF90+AH90+AJ90+AL90+AN90+AP90+AR90+AT90+AV90+AX90+AZ90+BB90+BD90+BF90+BH90+BJ90+BL90+BN90+BP90 -> 0 | BT90: =+BS90*D90 -> 0 | BV90: =+BU90*BT90 -> 0
A91: 40/80 ECO | B91: LP948.150 | C91: 100 | D91: =C91+BQ91-BR91 -> 100 | BQ91: =+E91+G91+I91+K91+M91+O91+Q91+S91+U91+W91+Y91+AA91+AC91+AE91+AG91+AI91+AK91+AM91+AO91+AQ91+AS91+AU91+AW91+AY91+BA91+BC91+BE91+BG91+BI91+BK91+BM91+BO91 -> 0 | BR91: =+F91+H91+J91+L91+N91+P91+R91+T91+V91+X91+Z91+AB91+AD91+AF91+AH91+AJ91+AL91+AN91+AP91+AR91+AT91+AV91+AX91+AZ91+BB91+BD91+BF91+BH91+BJ91+BL91+BN91+BP91 -> 0 | BS91: 1.6 | BT91: =+BS91*D91 -> 160 | BU91: 129050 | BV91: =+BU91*BT91 -> 20648000
B92: LP948.150- ĐIỂM | C92: 20 | D92: =C92+BQ92-BR92 -> 20 | BQ92: =+E92+G92+I92+K92+M92+O92+Q92+S92+U92+W92+Y92+AA92+AC92+AE92+AG92+AI92+AK92+AM92+AO92+AQ92+AS92+AU92+AW92+AY92+BA92+BC92+BE92+BG92+BI92+BK92+BM92+BO92 -> 0 | BR92: =+F92+H92+J92+L92+N92+P92+R92+T92+V92+X92+Z92+AB92+AD92+AF92+AH92+AJ92+AL92+AN92+AP92+AR92+AT92+AV92+AX92+AZ92+BB92+BD92+BF92+BH92+BJ92+BL92+BN92+BP92 -> 0 | BS92: 1.6 | BT92: =+BS92*D92 -> 32 | BU92: 159950 | BV92: =+BU92*BT92 -> 5118400
C93: 0 | D93: =C93+BQ93-BR93 -> 0 | BQ93: =+E93+G93+I93+K93+M93+O93+Q93+S93+U93+W93+Y93+AA93+AC93+AE93+AG93+AI93+AK93+AM93+AO93+AQ93+AS93+AU93+AW93+AY93+BA93+BC93+BE93+BG93+BI93+BK93+BM93+BO93 -> 0 | BR93: =+F93+H93+J93+L93+N93+P93+R93+T93+V93+X93+Z93+AB93+AD93+AF93+AH93+AJ93+AL93+AN93+AP93+AR93+AT93+AV93+AX93+AZ93+BB93+BD93+BF93+BH93+BJ93+BL93+BN93+BP93 -> 0 | BS93: 1.6 | BT93: =+BS93*D93 -> 0 | BV93: =+BU93*BT93 -> 0
B94: LP948.154 | C94: 39 | D94: =C94+BQ94-BR94 -> 39 | BQ94: =+E94+G94+I94+K94+M94+O94+Q94+S94+U94+W94+Y94+AA94+AC94+AE94+AG94+AI94+AK94+AM94+AO94+AQ94+AS94+AU94+AW94+AY94+BA94+BC94+BE94+BG94+BI94+BK94+BM94+BO94 -> 0 | BR94: =+F94+H94+J94+L94+N94+P94+R94+T94+V94+X94+Z94+AB94+AD94+AF94+AH94+AJ94+AL94+AN94+AP94+AR94+AT94+AV94+AX94+AZ94+BB94+BD94+BF94+BH94+BJ94+BL94+BN94+BP94 -> 0 | BS94: 1.6 | BT94: =+BS94*D94 -> 62.4 | BU94: 129050 | BV94: =+BU94*BT94 -> 8052720
B95: LP948.155 | C95: 46 | D95: =C95+BQ95-BR95 -> 46 | BQ95: =+E95+G95+I95+K95+M95+O95+Q95+S95+U95+W95+Y95+AA95+AC95+AE95+AG95+AI95+AK95+AM95+AO95+AQ95+AS95+AU95+AW95+AY95+BA95+BC95+BE95+BG95+BI95+BK95+BM95+BO95 -> 0 | BR95: =+F95+H95+J95+L95+N95+P95+R95+T95+V95+X95+Z95+AB95+AD95+AF95+AH95+AJ95+AL95+AN95+AP95+AR95+AT95+AV95+AX95+AZ95+BB95+BD95+BF95+BH95+BJ95+BL95+BN95+BP95 -> 0 | BS95: 1.6 | BT95: =+BS95*D95 -> 73.6 | BU95: 129050 | BV95: =+BU95*BT95 -> 9498080
B96: LP948.154- ĐIỂM | C96: 0 | D96: =C96+BQ96-BR96 -> 0 | BQ96: =+E96+G96+I96+K96+M96+O96+Q96+S96+U96+W96+Y96+AA96+AC96+AE96+AG96+AI96+AK96+AM96+AO96+AQ96+AS96+AU96+AW96+AY96+BA96+BC96+BE96+BG96+BI96+BK96+BM96+BO96 -> 0 | BR96: =+F96+H96+J96+L96+N96+P96+R96+T96+V96+X96+Z96+AB96+AD96+AF96+AH96+AJ96+AL96+AN96+AP96+AR96+AT96+AV96+AX96+AZ96+BB96+BD96+BF96+BH96+BJ96+BL96+BN96+BP96 -> 0 | BS96: 1.6 | BT96: =+BS96*D96 -> 0 | BU96: 159950 | BV96: =+BU96*BT96 -> 0
C97: 0 | D97: =C97+BQ97-BR97 -> 0 | BQ97: =+E97+G97+I97+K97+M97+O97+Q97+S97+U97+W97+Y97+AA97+AC97+AE97+AG97+AI97+AK97+AM97+AO97+AQ97+AS97+AU97+AW97+AY97+BA97+BC97+BE97+BG97+BI97+BK97+BM97+BO97 -> 0 | BR97: =+F97+H97+J97+L97+N97+P97+R97+T97+V97+X97+Z97+AB97+AD97+AF97+AH97+AJ97+AL97+AN97+AP97+AR97+AT97+AV97+AX97+AZ97+BB97+BD97+BF97+BH97+BJ97+BL97+BN97+BP97 -> 0 | BT97: =+BS97*D97 -> 0 | BV97: =+BU97*BT97 -> 0
B98: LP948.156 | C98: 133 | D98: =C98+BQ98-BR98 -> 113 | H98: 18 | P98: 2 | BQ98: =+E98+G98+I98+K98+M98+O98+Q98+S98+U98+W98+Y98+AA98+AC98+AE98+AG98+AI98+AK98+AM98+AO98+AQ98+AS98+AU98+AW98+AY98+BA98+BC98+BE98+BG98+BI98+BK98+BM98+BO98 -> 0 | BR98: =+F98+H98+J98+L98+N98+P98+R98+T98+V98+X98+Z98+AB98+AD98+AF98+AH98+AJ98+AL98+AN98+AP98+AR98+AT98+AV98+AX98+AZ98+BB98+BD98+BF98+BH98+BJ98+BL98+BN98+BP98 -> 20 | BS98: 1.6 | BT98: =+BS98*D98 -> 180.8 | BU98: 129050 | BV98: =+BU98*BT98 -> 23332240
B99: LP948.157 | C99: 84 | D99: =C99+BQ99-BR99 -> 75 | H99: 9 | BQ99: =+E99+G99+I99+K99+M99+O99+Q99+S99+U99+W99+Y99+AA99+AC99+AE99+AG99+AI99+AK99+AM99+AO99+AQ99+AS99+AU99+AW99+AY99+BA99+BC99+BE99+BG99+BI99+BK99+BM99+BO99 -> 0 | BR99: =+F99+H99+J99+L99+N99+P99+R99+T99+V99+X99+Z99+AB99+AD99+AF99+AH99+AJ99+AL99+AN99+AP99+AR99+AT99+AV99+AX99+AZ99+BB99+BD99+BF99+BH99+BJ99+BL99+BN99+BP99 -> 9 | BS99: 1.6 | BT99: =+BS99*D99 -> 120 | BU99: 129050 | BV99: =+BU99*BT99 -> 15486000
B100: LP948.156-ĐIỂM | C100: 44 | D100: =C100+BQ100-BR100 -> 38 | H100: 6 | BQ100: =+E100+G100+I100+K100+M100+O100+Q100+S100+U100+W100+Y100+AA100+AC100+AE100+AG100+AI100+AK100+AM100+AO100+AQ100+AS100+AU100+AW100+AY100+BA100+BC100+BE100+BG100+BI100+BK100+BM100+BO100 -> 0 | BR100: =+F100+H100+J100+L100+N100+P100+R100+T100+V100+X100+Z100+AB100+AD100+AF100+AH100+AJ100+AL100+AN100+AP100+AR100+AT100+AV100+AX100+AZ100+BB100+BD100+BF100+BH100+BJ100+BL100+BN100+BP100 -> 6 | BS100: 1.6 | BT100: =+BS100*D100 -> 60.8 | BU100: 159950 | BV100: =+BU100*BT100 -> 9724960
C101: 0 | D101: =C101+BQ101-BR101 -> 0 | BQ101: =+E101+G101+I101+K101+M101+O101+Q101+S101+U101+W101+Y101+AA101+AC101+AE101+AG101+AI101+AK101+AM101+AO101+AQ101+AS101+AU101+AW101+AY101+BA101+BC101+BE101+BG101+BI101+BK101+BM101+BO101 -> 0 | BR101: =+F101+H101+J101+L101+N101+P101+R101+T101+V101+X101+Z101+AB101+AD101+AF101+AH101+AJ101+AL101+AN101+AP101+AR101+AT101+AV101+AX101+AZ101+BB101+BD101+BF101+BH101+BJ101+BL101+BN101+BP101 -> 0 | BT101: =+BS101*D101 -> 0 | BV101: =+BU101*BT101 -> 0
A102: 30*60 BÁN SỨ | B102: LXP3601 | C102: 28 | D102: =C102+BQ102-BR102 -> 28 | BQ102: =+E102+G102+I102+K102+M102+O102+Q102+S102+U102+W102+Y102+AA102+AC102+AE102+AG102+AI102+AK102+AM102+AO102+AQ102+AS102+AU102+AW102+AY102+BA102+BC102+BE102+BG102+BI102+BK102+BM102+BO102 -> 0 | BR102: =+F102+H102+J102+L102+N102+P102+R102+T102+V102+X102+Z102+AB102+AD102+AF102+AH102+AJ102+AL102+AN102+AP102+AR102+AT102+AV102+AX102+AZ102+BB102+BD102+BF102+BH102+BJ102+BL102+BN102+BP102 -> 0 | BS102: 1.44 | BT102: =+BS102*D102 -> 40.32 | BU102: 118700 | BV102: =+BU102*BT102 -> 4785984
...

Sheet NISE
A1: KÍCH THƯỚC | B1: MÃ SP | C1: TỒN CK 30.6.2026 | D1: TỒN HIỆN TẠI T7.2026 | E1: 1 | G1: =1+E1 -> 2 | I1: =1+G1 -> 3 | K1: =1+I1 -> 4 | M1: 5 | O1: =1+M1 -> 6 | Q1: =1+O1 -> 7 | S1: =1+Q1 -> 8 | U1: =1+S1 -> 9 | W1: =1+U1 -> 10 | Y1: =1+W1 -> 11 | AA1: =1+Y1 -> 12 | AC1: =1+AA1 -> 13 | AE1: =1+AC1 -> 14 | AG1: =1+AE1 -> 15 | AI1: =1+AG1 -> 16 | AK1: =1+AI1 -> 17 | AM1: =1+AK1 -> 18 | AO1: =1+AM1 -> 19 | AQ1: =1+AO1 -> 20 | AS1: =1+AQ1 -> 21 | AU1: =1+AS1 -> 22 | AW1: =1+AU1 -> 23 | AY1: =1+AW1 -> 24 | BA1: =1+AY1 -> 25 | BC1: =1+BA1 -> 26 | BE1: =1+BC1 -> 27 | BG1: =1+BE1 -> 28 | BI1: =1+BG1 -> 29 | BK1: =1+BI1 -> 30 | BM1: =1+BK1 -> 31 | BO1: Thiếu k nguyên nhân | BQ1: TỔNG | BS1: M2/H | BT1: QUY M2 | BU1: ĐƠN GIÁ/m | BV1: THÀNH TIỀN
A2: TỔNG CỘNG | C2: =SUM(C4:C147) -> 14358.084 | D2: =SUM(D4:D147) -> 13285.584 | E2: N | F2: X | G2: N | H2: X | I2: N | J2: X | K2: N | L2: X | M2: N | N2: X | O2: N | P2: X | Q2: N | R2: X | S2: N | T2: X | U2: N | V2: X | W2: N | X2: X | Y2: N | Z2: X | AA2: N | AB2: X | AC2: N | AD2: X | AE2: N | AF2: X | AG2: N | AH2: X | AI2: N | AJ2: X | AK2: N | AL2: X | AM2: N | AN2: X | AO2: N | AP2: X | AQ2: N | AR2: X | AS2: N | AT2: X | AU2: N | AV2: X | AW2: N | AX2: X | AY2: N | AZ2: X | BA2: N | BB2: X | BC2: N | BD2: X | BE2: N | BF2: X | BG2: N | BH2: X | BI2: N | BJ2: X | BK2: N | BL2: X | BM2: N | BN2: X | BO2: N | BP2: X | BQ2: N | BR2: X | BS2: 340.82 | BT2: =SUM(BT5:BT147) -> 21685.928 | BV2: =SUM(BV5:BV147) -> 2.1246736e+09
E3: =SUM(E4:E267) -> 0 | F3: =SUM(F4:F267) -> 120 | G3: =SUM(G4:G267) -> 0 | H3: =SUM(H4:H267) -> 62 | I3: =SUM(I4:I267) -> 344 | J3: =SUM(J4:J267) -> 129 | K3: =SUM(K4:K267) -> 2 | L3: =SUM(L4:L267) -> 17 | ... Q3: =SUM(Q4:Q267) -> 0 | R3: =SUM(R4:R144) -> 207 | S3: =SUM(S4:S267) -> 5 | T3: =SUM(T4:T267) -> 72 | U3: =SUM(U4:U267) -> 1 | V3: =SUM(V4:V267) -> 72 | W3: =SUM(W4:W267) -> 13 | X3: =SUM(X4:X267) -> 40 | Y3: =SUM(Y4:Y267) -> 0 | Z3: =SUM(Z4:Z267) -> 117 | ... BP3: =SUM(BP4:BP267) -> 30 | BQ3: =+E3+G3+I3+K3+M3+O3+Q3+S3+U3+W3+Y3+AA3+AC3+AE3+AG3+AI3+AK3+AM3+AO3+AQ3+AS3+AU3+AW3+AY3+BA3+BC3+BE3+BG3+BI3+BK3+BM3+BO3 -> 1915 | BR3: =+F3+H3+J3+L3+N3+P3+R3+T3+V3+X3+Z3+AB3+AD3+AF3+AH3+AJ3+AL3+AN3+AP3+AR3+AT3+AV3+AX3+AZ3+BB3+BD3+BF3+BH3+BJ3+BL3+BN3+BP3 -> 2987.5
BQ4: =+E4+G4+I4+K4+M4+O4+Q4+S4+U4+W4+Y4+AA4+AC4+AE4+AG4+AI4+AK4+AM4+AO4+AQ4+AS4+AU4+AW4+AY4+BA4+BC4+BE4+BG4+BI4+BK4+BM4+BO4 -> 0 | BR4: =+F4+H4+J4+L4+N4+P4+R4+T4+V4+X4+Z4+AB4+AD4+AF4+AH4+AJ4+AL4+AN4+AP4+AR4+AT4+AV4+AX4+AZ4+BB4+BD4+BF4+BH4+BJ4+BL4+BN4+BP4 -> 0
A5: 30*60 BÁN SỨ | B5: 036-6002 Nhạt | C5: 250 | D5: =+C5+BQ5-BR5 -> 250 | BQ5: =+E5+G5+I5+K5+M5+O5+Q5+S5+U5+W5+Y5+AA5+AC5+AE5+AG5+AI5+AK5+AM5+AO5+AQ5+AS5+AU5+AW5+AY5+BA5+BC5+BE5+BG5+BI5+BK5+BM5+BO5 -> 0 | BR5: =+F5+H5+J5+L5+N5+P5+R5+T5+V5+X5+Z5+AB5+AD5+AF5+AH5+AJ5+AL5+AN5+AP5+AR5+AT5+AV5+AX5+AZ5+BB5+BD5+BF5+BH5+BJ5+BL5+BN5+BP5 -> 0 | BS5: 1.44 | BT5: =+BS5*D5 -> 360 | BU5: 76500 | BV5: =+BU5*BT5 -> 27540000
B6: 036-6003 nhạt | C6: 68 | D6: =+C6+BQ6-BR6 -> 68 | BQ6: =+E6+G6+I6+K6+M6+O6+Q6+S6+U6+W6+Y6+AA6+AC6+AE6+AG6+AI6+AK6+AM6+AO6+AQ6+AS6+AU6+AW6+AY6+BA6+BC6+BE6+BG6+BI6+BK6+BM6+BO6 -> 0 | BR6: =+F6+H6+J6+L6+N6+P6+R6+T6+V6+X6+Z6+AB6+AD6+AF6+AH6+AJ6+AL6+AN6+AP6+AR6+AT6+AV6+AX6+AZ6+BB6+BD6+BF6+BH6+BJ6+BL6+BN6+BP6 -> 0 | BS6: 1.44 | BT6: =+BS6*D6 -> 97.92 | BU6: 95250 | BV6: =+BU6*BT6 -> 9326880
B7: 036-601-kem vàng | C7: 16 | D7: =+C7+BQ7-BR7 -> 16 | BQ7: =+E7+G7+I7+K7+M7+O7+Q7+S7+U7+W7+Y7+AA7+AC7+AE7+AG7+AI7+AK7+AM7+AO7+AQ7+AS7+AU7+AW7+AY7+BA7+BC7+BE7+BG7+BI7+BK7+BM7+BO7 -> 0 | BR7: =+F7+H7+J7+L7+N7+P7+R7+T7+V7+X7+Z7+AB7+AD7+AF7+AH7+AJ7+AL7+AN7+AP7+AR7+AT7+AV7+AX7+AZ7+BB7+BD7+BF7+BH7+BJ7+BL7+BN7+BP7 -> 0 | BS7: 1.44 | BT7: =+BS7*D7 -> 23.04 | BU7: 76500 | BV7: =+BU7*BT7 -> 1762560
C8: 0 | D8: =+C8+BQ8-BR8 -> 0 | BQ8: =+E8+G8+I8+K8+M8+O8+Q8+S8+U8+W8+Y8+AA8+AC8+AE8+AG8+AI8+AK8+AM8+AO8+AQ8+AS8+AU8+AW8+AY8+BA8+BC8+BE8+BG8+BI8+BK8+BM8+BO8 -> 0 | BR8: =+F8+H8+J8+L8+N8+P8+R8+T8+V8+X8+Z8+AB8+AD8+AF8+AH8+AJ8+AL8+AN8+AP8+AR8+AT8+AV8+AX8+AZ8+BB8+BD8+BF8+BH8+BJ8+BL8+BN8+BP8 -> 0 | BT8: =+BS8*D8 -> 0 | BV8: =+BU8*BT8 -> 0
C9: 0 | D9: =+C9+BQ9-BR9 -> 0 | BQ9: =+E9+G9+I9+K9+M9+O9+Q9+S9+U9+W9+Y9+AA9+AC9+AE9+AG9+AI9+AK9+AM9+AO9+AQ9+AS9+AU9+AW9+AY9+BA9+BC9+BE9+BG9+BI9+BK9+BM9+BO9 -> 0 | BR9: =+F9+H9+J9+L9+N9+P9+R9+T9+V9+X9+Z9+AB9+AD9+AF9+AH9+AJ9+AL9+AN9+AP9+AR9+AT9+AV9+AX9+AZ9+BB9+BD9+BF9+BH9+BJ9+BL9+BN9+BP9 -> 0 | BT9: =+BS9*D9 -> 0 | BV9: =+BU9*BT9 -> 0
A10: 40*80 BỘ BS | B10: 48-601-Kem vàng | C10: 0 | D10: =+C10+BQ10-BR10 -> 0 | BQ10: =+E10+G10+I10+K10+M10+O10+Q10+S10+U10+W10+Y10+AA10+AC10+AE10+AG10+AI10+AK10+AM10+AO10+AQ10+AS10+AU10+AW10+AY10+BA10+BC10+BE10+BG10+BI10+BK10+BM10+BO10 -> 0 | BR10: =+F10+H10+J10+L10+N10+P10+R10+T10+V10+X10+Z10+AB10+AD10+AF10+AH10+AJ10+AL10+AN10+AP10+AR10+AT10+AV10+AX10+AZ10+BB10+BD10+BF10+BH10+BJ10+BL10+BN10+BP10 -> 0 | BS10: 1.92 | BT10: =+BS10*D10 -> 0 | BU10: 98000 | BV10: =+BU10*BT10 -> 0
B11: 48-6000- Trắng tinh-53(30.12.23) | C11: 6 | D11: =+C11+BQ11-BR11 -> 6 | BQ11: =+E11+G11+I11+K11+M11+O11+Q11+S11+U11+W11+Y11+AA11+AC11+AE11+AG11+AI11+AK11+AM11+AO11+AQ11+AS11+AU11+AW11+AY11+BA11+BC11+BE11+BG11+BI11+BK11+BM11+BO11 -> 0 | BR11: =+F11+H11+J11+L11+N11+P11+R11+T11+V11+X11+Z11+AB11+AD11+AF11+AH11+AJ11+AL11+AN11+AP11+AR11+AT11+AV11+AX11+AZ11+BB11+BD11+BF11+BH11+BJ11+BL11+BN11+BP11 -> 0 | BS11: 1.92 | BT11: =+BS11*D11 -> 11.52 | BU11: 103000 | BV11: =+BU11*BT11 -> 1186560
C12: 0 | D12: =+C12+BQ12-BR12 -> 0 | BQ12: =+E12+G12+I12+K12+M12+O12+Q12+S12+U12+W12+Y12+AA12+AC12+AE12+AG12+AI12+AK12+AM12+AO12+AQ12+AS12+AU12+AW12+AY12+BA12+BC12+BE12+BG12+BI12+BK12+BM12+BO12 -> 0 | BR12: =+F12+H12+J12+L12+N12+P12+R12+T12+V12+X12+Z12+AB12+AD12+AF12+AH12+AJ12+AL12+AN12+AP12+AR12+AT12+AV12+AX12+AZ12+BB12+BD12+BF12+BH12+BJ12+BL12+BN12+BP12 -> 0 | BS12: 1.92 | BT12: =+BS12*D12 -> 0 | BV12: =+BU12*BT12 -> 0
B13: 48-6001-Nhạt | C13: 70 | D13: =+C13+BQ13-BR13 -> 52 | T13: 12 | AX13: 6 | BQ13: =+E13+G13+I13+K13+M13+O13+Q13+S13+U13+W13+Y13+AA13+AC13+AE13+AG13+AI13+AK13+AM13+AO13+AQ13+AS13+AU13+AW13+AY13+BA13+BC13+BE13+BG13+BI13+BK13+BM13+BO13 -> 0 | BR13: =+F13+H13+J13+L13+N13+P13+R13+T13+V13+X13+Z13+AB13+AD13+AF13+AH13+AJ13+AL13+AN13+AP13+AR13+AT13+AV13+AX13+AZ13+BB13+BD13+BF13+BH13+BJ13+BL13+BN13+BP13 -> 18 | BS13: 1.92 | BT13: =+BS13*D13 -> 99.84 | BU13: 98000 | BV13: =+BU13*BT13 -> 9784320
B14: 48-6001-Đậm | C14: 61.67 | D14: =+C14+BQ14-BR14 -> 55.67 | AX14: 6 | BQ14: =+E14+G14+I14+K14+M14+O14+Q14+S14+U14+W14+Y14+AA14+AC14+AE14+AG14+AI14+AK14+AM14+AO14+AQ14+AS14+AU14+AW14+AY14+BA14+BC14+BE14+BG14+BI14+BK14+BM14+BO14 -> 0 | BR14: =+F14+H14+J14+L14+N14+P14+R14+T14+V14+X14+Z14+AB14+AD14+AF14+AH14+AJ14+AL14+AN14+AP14+AR14+AT14+AV14+AX14+AZ14+BB14+BD14+BF14+BH14+BJ14+BL14+BN14+BP14 -> 6 | BS14: 1.92 | BT14: =+BS14*D14 -> 106.8864 | BU14: 103000 | BV14: =+BU14*BT14 -> 11009299
B15: 48-6001-Điểm | C15: 11 | D15: =+C15+BQ15-BR15 -> 9 | AX15: 2 | BQ15: =+E15+G15+I15+K15+M15+O15+Q15+S15+U15+W15+Y15+AA15+AC15+AE15+AG15+AI15+AK15+AM15+AO15+AQ15+AS15+AU15+AW15+AY15+BA15+BC15+BE15+BG15+BI15+BK15+BM15+BO15 -> 0 | BR15: =+F15+H15+J15+L15+N15+P15+R15+T15+V15+X15+Z15+AB15+AD15+AF15+AH15+AJ15+AL15+AN15+AP15+AR15+AT15+AV15+AX15+AZ15+BB15+BD15+BF15+BH15+BJ15+BL15+BN15+BP15 -> 2 | BS15: 1.92 | BT15: =+BS15*D15 -> 17.28 | BU15: 103000 | BV15: =+BU15*BT15 -> 1779840
C16: 0 | D16: =+C16+BQ16-BR16 -> 0 | BQ16: =+E16+G16+I16+K16+M16+O16+Q16+S16+U16+W16+Y16+AA16+AC16+AE16+AG16+AI16+AK16+AM16+AO16+AQ16+AS16+AU16+AW16+AY16+BA16+BC16+BE16+BG16+BI16+BK16+BM16+BO16 -> 0 | BR16: =+F16+H16+J16+L16+N16+P16+R16+T16+V16+X16+Z16+AB16+AD16+AF16+AH16+AJ16+AL16+AN16+AP16+AR16+AT16+AV16+AX16+AZ16+BB16+BD16+BF16+BH16+BJ16+BL16+BN16+BP16 -> 0 | BT16: =+BS16*D16 -> 0 | BV16: =+BU16*BT16 -> 0
B17: 48-6002-Khói | C17: 144 | D17: =+C17+BQ17-BR17 -> 131 | T17: 13 | BQ17: =+E17+G17+I17+K17+M17+O17+Q17+S17+U17+W17+Y17+AA17+AC17+AE17+AG17+AI17+AK17+AM17+AO17+AQ17+AS17+AU17+AW17+AY17+BA17+BC17+BE17+BG17+BI17+BK17+BM17+BO17 -> 0 | BR17: =+F17+H17+J17+L17+N17+P17+R17+T17+V17+X17+Z17+AB17+AD17+AF17+AH17+AJ17+AL17+AN17+AP17+AR17+AT17+AV17+AX17+AZ17+BB17+BD17+BF17+BH17+BJ17+BL17+BN17+BP17 -> 13 | BS17: 1.92 | BT17: =+BS17*D17 -> 251.52 | BU17: 98000 | BV17: =+BU17*BT17 -> 24648960
B18: 48-6002-Điểm | C18: 6 | D18: =+C18+BQ18-BR18 -> 6 | BQ18: =+E18+G18+I18+K18+M18+O18+Q18+S18+U18+W18+Y18+AA18+AC18+AE18+AG18+AI18+AK18+AM18+AO18+AQ18+AS18+AU18+AW18+AY18+BA18+BC18+BE18+BG18+BI18+BK18+BM18+BO18 -> 0 | BR18: =+F18+H18+J18+L18+N18+P18+R18+T18+V18+X18+Z18+AB18+AD18+AF18+AH18+AJ18+AL18+AN18+AP18+AR18+AT18+AV18+AX18+AZ18+BB18+BD18+BF18+BH18+BJ18+BL18+BN18+BP18 -> 0 | BS18: 1.92 | BT18: =+BS18*D18 -> 11.52 | BU18: 103000 | BV18: =+BU18*BT18 -> 1186560
C19: 0 | D19: =+C19+BQ19-BR19 -> 0 | BQ19: =+E19+G19+I19+K19+M19+O19+Q19+S19+U19+W19+Y19+AA19+AC19+AE19+AG19+AI19+AK19+AM19+AO19+AQ19+AS19+AU19+AW19+AY19+BA19+BC19+BE19+BG19+BI19+BK19+BM19+BO19 -> 0 | BR19: =+F19+H19+J19+L19+N19+P19+R19+T19+V19+X19+Z19+AB19+AD19+AF19+AH19+AJ19+AL19+AN19+AP19+AR19+AT19+AV19+AX19+AZ19+BB19+BD19+BF19+BH19+BJ19+BL19+BN19+BP19 -> 0 | BS19: 1.92 | BT19: =+BS19*D19 -> 0 | BV19: =+BU19*BT19 -> 0
B20: 48-6003-Vân | C20: 90 | D20: =+C20+BQ20-BR20 -> 90 | BQ20: =+E20+G20+I20+K20+M20+O20+Q20+S20+U20+W20+Y20+AA20+AC20+AE20+AG20+AI20+AK20+AM20+AO20+AQ20+AS20+AU20+AW20+AY20+BA20+BC20+BE20+BG20+BI20+BK20+BM20+BO20 -> 0 | BR20: =+F20+H20+J20+L20+N20+P20+R20+T20+V20+X20+Z20+AB20+AD20+AF20+AH20+AJ20+AL20+AN20+AP20+AR20+AT20+AV20+AX20+AZ20+BB20+BD20+BF20+BH20+BJ20+BL20+BN20+BP20 -> 0 | BS20: 1.92 | BT20: =+BS20*D20 -> 172.8 | BU20: 98000 | BV20: =+BU20*BT20 -> 16934400
B21: 48-6003-Điểm | C21: 19 | D21: =+C21+BQ21-BR21 -> 19 | BQ21: =+E21+G21+I21+K21+M21+O21+Q21+S21+U21+W21+Y21+AA21+AC21+AE21+AG21+AI21+AK21+AM21+AO21+AQ21+AS21+AU21+AW21+AY21+BA21+BC21+BE21+BG21+BI21+BK21+BM21+BO21 -> 0 | BR21: =+F21+H21+J21+L21+N21+P21+R21+T21+V21+X21+Z21+AB21+AD21+AF21+AH21+AJ21+AL21+AN21+AP21+AR21+AT21+AV21+AX21+AZ21+BB21+BD21+BF21+BH21+BJ21+BL21+BN21+BP21 -> 0 | BS21: 1.92 | BT21: =+BS21*D21 -> 36.48 | BU21: 103000 | BV21: =+BU21*BT21 -> 3757440
C22: 0 | D22: =+C22+BQ22-BR22 -> 0 | BQ22: =+E22+G22+I22+K22+M22+O22+Q22+S22+U22+W22+Y22+AA22+AC22+AE22+AG22+AI22+AK22+AM22+AO22+AQ22+AS22+AU22+AW22+AY22+BA22+BC22+BE22+BG22+BI22+BK22+BM22+BO22 -> 0 | BR22: =+F22+H22+J22+L22+N22+P22+R22+T22+V22+X22+Z22+AB22+AD22+AF22+AH22+AJ22+AL22+AN22+AP22+AR22+AT22+AV22+AX22+AZ22+BB22+BD22+BF22+BH22+BJ22+BL22+BN22+BP22 -> 0 | BT22: =+BS22*D22 -> 0 | BV22: =+BU22*BT22 -> 0
B23: 48-6007-Nhạt | C23: 168 | D23: =+C23+BQ23-BR23 -> 76 | X23: 35 | AF23: 22 | AH23: 5 | AJ23: 4 | AL23: 1 | AP23: 6 | BE23: 1 | BH23: 20 | BQ23: =+E23+G23+I23+K23+M23+O23+Q23+S23+U23+W23+Y23+AA23+AC23+AE23+AG23+AI23+AK23+AM23+AO23+AQ23+AS23+AU23+AW23+AY23+BA23+BC23+BE23+BG23+BI23+BK23+BM23+BO23 -> 1 | BR23: =+F23+H23+J23+L23+N23+P23+R23+T23+V23+X23+Z23+AB23+AD23+AF23+AH23+AJ23+AL23+AN23+AP23+AR23+AT23+AV23+AX23+AZ23+BB23+BD23+BF23+BH23+BJ23+BL23+BN23+BP23 -> 93 | BS23: 1.92 | BT23: =+BS23*D23 -> 145.92 | BU23: 98000 | BV23: =+BU23*BT23 -> 14300160
B24: 48-6007-Đậm | C24: 102.17 | D24: =+C24+BQ24-BR24 -> 79.17 | J24: 1 | P24: 1 | AF24: 15 | AH24: 3 | AP24: 4 | BE24: 1 | BQ24: =+E24+G24+I24+K24+M24+O24+Q24+S24+U24+W24+Y24+AA24+AC24+AE24+AG24+AI24+AK24+AM24+AO24+AQ24+AS24+AU24+AW24+AY24+BA24+BC24+BE24+BG24+BI24+BK24+BM24+BO24 -> 1 | BR24: =+F24+H24+J24+L24+N24+P24+R24+T24+V24+X24+Z24+AB24+AD24+AF24+AH24+AJ24+AL24+AN24+AP24+AR24+AT24+AV24+AX24+AZ24+BB24+BD24+BF24+BH24+BJ24+BL24+BN24+BP24 -> 24 | BS24: 1.92 | BT24: =+BS24*D24 -> 152.0064 | BU24: 103000 | BV24: =+BU24*BT24 -> 15656659
B25: 48-6007-Điểm | C25: 37.66 | D25: =+C25+BQ25-BR25 -> 35.66 | AH25: 2 | BQ25: =+E25+G25+I25+K25+M25+O25+Q25+S25+U25+W25+Y25+AA25+AC25+AE25+AG25+AI25+AK25+AM25+AO25+AQ25+AS25+AU25+AW25+AY25+BA25+BC25+BE25+BG25+BI25+BK25+BM25+BO25 -> 0 | BR25: =+F25+H25+J25+L25+N25+P25+R25+T25+V25+X25+Z25+AB25+AD25+AF25+AH25+AJ25+AL25+AN25+AP25+AR25+AT25+AV25+AX25+AZ25+BB25+BD25+BF25+BH25+BJ25+BL25+BN25+BP25 -> 2 | BS25: 1.92 | BT25: =+BS25*D25 -> 68.4672 | BU25: 103000 | BV25: =+BU25*BT25 -> 7052121.6
C26: 0 | D26: =+C26+BQ26-BR26 -> 0 | BQ26: =+E26+G26+I26+K26+M26+O26+Q26+S26+U26+W26+Y26+AA26+AC26+AE26+AG26+AI26+AK26+AM26+AO26+AQ26+AS26+AU26+AW26+AY26+BA26+BC26+BE26+BG26+BI26+BK26+BM26+BO26 -> 0 | BR26: =+F26+H26+J26+L26+N26+P26+R26+T26+V26+X26+Z26+AB26+AD26+AF26+AH26+AJ26+AL26+AN26+AP26+AR26+AT26+AV26+AX26+AZ26+BB26+BD26+BF26+BH26+BJ26+BL26+BN26+BP26 -> 0 | BT26: =+BS26*D26 -> 0 | BV26: =+BU26*BT26 -> 0
B27: 48-5004-Nhạt-56(18.11.22) | C27: 68 | D27: =+C27+BQ27-BR27 -> 65 | BH27: 3 | BQ27: =+E27+G27+I27+K27+M27+O27+Q27+S27+U27+W27+Y27+AA27+AC27+AE27+AG27+AI27+AK27+AM27+AO27+AQ27+AS27+AU27+AW27+AY27+BA27+BC27+BE27+BG27+BI27+BK27+BM27+BO27 -> 0 | BR27: =+F27+H27+J27+L27+N27+P27+R27+T27+V27+X27+Z27+AB27+AD27+AF27+AH27+AJ27+AL27+AN27+AP27+AR27+AT27+AV27+AX27+AZ27+BB27+BD27+BF27+BH27+BJ27+BL27+BN27+BP27 -> 3 | BS27: 1.92 | BT27: =+BS27*D27 -> 124.8 | BU27: 98000 | BV27: =+BU27*BT27 -> 12230400
B28: 48-5004-nhạt đ53(14.5.25) | C28: 5 | D28: =+C28+BQ28-BR28 -> 5 | BQ28: =+E28+G28+I28+K28+M28+O28+Q28+S28+U28+W28+Y28+AA28+AC28+AE28+AG28+AI28+AK28+AM28+AO28+AQ28+AS28+AU28+AW28+AY28+BA28+BC28+BE28+BG28+BI28+BK28+BM28+BO28 -> 0 | BR28: =+F28+H28+J28+L28+N28+P28+R28+T28+V28+X28+Z28+AB28+AD28+AF28+AH28+AJ28+AL28+AN28+AP28+AR28+AT28+AV28+AX28+AZ28+BB28+BD28+BF28+BH28+BJ28+BL28+BN28+BP28 -> 0 | BT28: =+BS28*D28 -> 0 | BV28: =+BU28*BT28 -> 0
B29: 48-5004-Đậm | C29: 99 | D29: =+C29+BQ29-BR29 -> 85 | V29: 11 | BJ29: 3 | BQ29: =+E29+G29+I29+K29+M29+O29+Q29+S29+U29+W29+Y29+AA29+AC29+AE29+AG29+AI29+AK29+AM29+AO29+AQ29+AS29+AU29+AW29+AY29+BA29+BC29+BE29+BG29+BI29+BK29+BM29+BO29 -> 0 | BR29: =+F29+H29+J29+L29+N29+P29+R29+T29+V29+X29+Z29+AB29+AD29+AF29+AH29+AJ29+AL29+AN29+AP29+AR29+AT29+AV29+AX29+AZ29+BB29+BD29+BF29+BH29+BJ29+BL29+BN29+BP29 -> 14 | BS29: 1.92 | BT29: =+BS29*D29 -> 163.2 | BU29: 103000 | BV29: =+BU29*BT29 -> 16809600
B30: 48-5004-Đậm A2 | C30: 6 | D30: =+C30+BQ30-BR30 -> 6 | BQ30: =+E30+G30+I30+K30+M30+O30+Q30+S30+U30+W30+Y30+AA30+AC30+AE30+AG30+AI30+AK30+AM30+AO30+AQ30+AS30+AU30+AW30+AY30+BA30+BC30+BE30+BG30+BI30+BK30+BM30+BO30 -> 0 | BR30: =+F30+H30+J30+L30+N30+P30+R30+T30+V30+X30+Z30+AB30+AD30+AF30+AH30+AJ30+AL30+AN30+AP30+AR30+AT30+AV30+AX30+AZ30+BB30+BD30+BF30+BH30+BJ30+BL30+BN30+BP30 -> 0 | BS30: 1.92 | BT30: =+BS30*D30 -> 11.52 | BU30: 83000 | BV30: =+BU30*BT30 -> 956160
B31: 48-5004-Điểm | C31: 5.33 | D31: =+C31+BQ31-BR31 -> 5.33 | BQ31: =+E31+G31+I31+K31+M31+O31+Q31+S31+U31+W31+Y31+AA31+AC31+AE31+AG31+AI31+AK31+AM31+AO31+AQ31+AS31+AU31+AW31+AY31+BA31+BC31+BE31+BG31+BI31+BK31+BM31+BO31 -> 0 | BR31: =+F31+H31+J31+L31+N31+P31+R31+T31+V31+X31+Z31+AB31+AD31+AF31+AH31+AJ31+AL31+AN31+AP31+AR31+AT31+AV31+AX31+AZ31+BB31+BD31+BF31+BH31+BJ31+BL31+BN31+BP31 -> 0 | BS31: 1.92 | BT31: =+BS31*D31 -> 10.2336 | BU31: 103000 | BV31: =+BU31*BT31 -> 1054060.8
C32: 0 | D32: =+C32+BQ32-BR32 -> 0 | BQ32: =+E32+G32+I32+K32+M32+O32+Q32+S32+U32+W32+Y32+AA32+AC32+AE32+AG32+AI32+AK32+AM32+AO32+AQ32+AS32+AU32+AW32+AY32+BA32+BC32+BE32+BG32+BI32+BK32+BM32+BO32 -> 0 | BR32: =+F32+H32+J32+L32+N32+P32+R32+T32+V32+X32+Z32+AB32+AD32+AF32+AH32+AJ32+AL32+AN32+AP32+AR32+AT32+AV32+AX32+AZ32+BB32+BD32+BF32+BH32+BJ32+BL32+BN32+BP32 -> 0 | BT32: =+BS32*D32 -> 0 | BV32: =+BU32*BT32 -> 0
A33: 40*80 SV | B33: 48-01 GO | C33: 41.33 | D33: =+C33+BQ33-BR33 -> 41.33 | BQ33: =+E33+G33+I33+K33+M33+O33+Q33+S33+U33+W33+Y33+AA33+AC33+AE33+AG33+AI33+AK33+AM33+AO33+AQ33+AS33+AU33+AW33+AY33+BA33+BC33+BE33+BG33+BI33+BK33+BM33+BO33 -> 0 | BR33: =+F33+H33+J33+L33+N33+P33+R33+T33+V33+X33+Z33+AB33+AD33+AF33+AH33+AJ33+AL33+AN33+AP33+AR33+AT33+AV33+AX33+AZ33+BB33+BD33+BF33+BH33+BJ33+BL33+BN33+BP33 -> 0 | BS33: 1.92 | BT33: =+BS33*D33 -> 79.3536 | BU33: 103000 | BV33: =+BU33*BT33 -> 8173420.8
B34: 48-02 GO | C34: 32 | D34: =+C34+BQ34-BR34 -> 32 | BQ34: =+E34+G34+I34+K34+M34+O34+Q34+S34+U34+W34+Y34+AA34+AC34+AE34+AG34+AI34+AK34+AM34+AO34+AQ34+AS34+AU34+AW34+AY34+BA34+BC34+BE34+BG34+BI34+BK34+BM34+BO34 -> 0 | BR34: =+F34+H34+J34+L34+N34+P34+R34+T34+V34+X34+Z34+AB34+AD34+AF34+AH34+AJ34+AL34+AN34+AP34+AR34+AT34+AV34+AX34+AZ34+BB34+BD34+BF34+BH34+BJ34+BL34+BN34+BP34 -> 0 | BS34: 1.92 | BT34: =+BS34*D34 -> 61.44 | BU34: 103000 | BV34: =+BU34*BT34 -> 6328320
C35: 0 | D35: =+C35+BQ35-BR35 -> 0 | BQ35: =+E35+G35+I35+K35+M35+O35+Q35+S35+U35+W35+Y35+AA35+AC35+AE35+AG35+AI35+AK35+AM35+AO35+AQ35+AS35+AU35+AW35+AY35+BA35+BC35+BE35+BG35+BI35+BK35+BM35+BO35 -> 0 | BR35: =+F35+H35+J35+L35+N35+P35+R35+T35+V35+X35+Z35+AB35+AD35+AF35+AH35+AJ35+AL35+AN35+AP35+AR35+AT35+AV35+AX35+AZ35+BB35+BD35+BF35+BH35+BJ35+BL35+BN35+BP35 -> 0 | BT35: =+BS35*D35 -> 0 | BV35: =+BU35*BT35 -> 0
A36: 50*50 LÁT NỀN | B36: 5-1001 | C36: 200.834 | D36: =+C36+BQ36-BR36 -> 162.834 | X36: 5 | AZ36: 10 | BB36: 1 | BF36: 11 | BL36: 11 | BQ36: =+E36+G36+I36+K36+M36+O36+Q36+S36+U36+W36+Y36+AA36+AC36+AE36+AG36+AI36+AK36+AM36+AO36+AQ36+AS36+AU36+AW36+AY36+BA36+BC36+BE36+BG36+BI36+BK36+BM36+BO36 -> 0 | BR36: =+F36+H36+J36+L36+N36+P36+R36+T36+V36+X36+Z36+AB36+AD36+AF36+AH36+AJ36+AL36+AN36+AP36+AR36+AT36+AV36+AX36+AZ36+BB36+BD36+BF36+BH36+BJ36+BL36+BN36+BP36 -> 38 | BS36: 1.5 | BT36: =+BS36*D36 -> 244.251 | BU36: 61000 | BV36: =+BU36*BT36 -> 14899311
B37: 5-1002 | C37: 333.7 | D37: =+C37+BQ37-BR37 -> 66.7 | R37: 67 | Z37: 7 | AD37: 1 | BJ37: =64+128 -> 192 | BQ37: =+E37+G37+I37+K37+M37+O37+Q37+S37+U37+W37+Y37+AA37+AC37+AE37+AG37+AI37+AK37+AM37+AO37+AQ37+AS37+AU37+AW37+AY37+BA37+BC37+BE37+BG37+BI37+BK37+BM37+BO37 -> 0 | BR37: =+F37+H37+J37+L37+N37+P37+R37+T37+V37+X37+Z37+AB37+AD37+AF37+AH37+AJ37+AL37+AN37+AP37+AR37+AT37+AV37+AX37+AZ37+BB37+BD37+BF37+BH37+BJ37+BL37+BN37+BP37 -> 267 | BS37: 1.5 | BT37: =+BS37*D37 -> 100.05 | BU37: 61000 | BV37: =+BU37*BT37 -> 6103050
B38: 5-1004 | C38: 293.5 | D38: =+C38+BQ38-BR38 -> 293.5 | BQ38: =+E38+G38+I38+K38+M38+O38+Q38+S38+U38+W38+Y38+AA38+AC38+AE38+AG38+AI38+AK38+AM38+AO38+AQ38+AS38+AU38+AW38+AY38+BA38+BC38+BE38+BG38+BI38+BK38+BM38+BO38 -> 0 | BR38: =+F38+H38+J38+L38+N38+P38+R38+T38+V38+X38+Z38+AB38+AD38+AF38+AH38+AJ38+AL38+AN38+AP38+AR38+AT38+AV38+AX38+AZ38+BB38+BD38+BF38+BH38+BJ38+BL38+BN38+BP38 -> 0 | BS38: 1.5 | BT38: =+BS38*D38 -> 440.25 | BU38: 61000 | BV38: =+BU38*BT38 -> 26855250
B39: 5-1007 | C39: 0 | D39: =+C39+BQ39-BR39 -> 0 | BQ39: =+E39+G39+I39+K39+M39+O39+Q39+S39+U39+W39+Y39+AA39+AC39+AE39+AG39+AI39+AK39+AM39+AO39+AQ39+AS39+AU39+AW39+AY39+BA39+BC39+BE39+BG39+BI39+BK39+BM39+BO39 -> 0 | BR39: =+F39+H39+J39+L39+N39+P39+R39+T39+V39+X39+Z39+AB39+AD39+AF39+AH39+AJ39+AL39+AN39+AP39+AR39+AT39+AV39+AX39+AZ39+BB39+BD39+BF39+BH39+BJ39+BL39+BN39+BP39 -> 0 | BS39: 1.5 | BT39: =+BS39*D39 -> 0 | BU39: 61000 | BV39: =+BU39*BT39 -> 0
B40: 5-1012 | C40: 189 | D40: =+C40+BQ40-BR40 -> 132 | R40: 34 | AD40: 2 | AP40: 8 | AR40: 8 | BH40: 7 | BI40: 2 | BQ40: =+E40+G40+I40+K40+M40+O40+Q40+S40+U40+W40+Y40+AA40+AC40+AE40+AG40+AI40+AK40+AM40+AO40+AQ40+AS40+AU40+AW40+AY40+BA40+BC40+BE40+BG40+BI40+BK40+BM40+BO40 -> 2 | BR40: =+F40+H40+J40+L40+N40+P40+R40+T40+V40+X40+Z40+AB40+AD40+AF40+AH40+AJ40+AL40+AN40+AP40+AR40+AT40+AV40+AX40+AZ40+BB40+BD40+BF40+BH40+BJ40+BL40+BN40+BP40 -> 59 | BS40: 1.5 | BT40: =+BS40*D40 -> 198 | BU40: 61000 | BV40: =+BU40*BT40 -> 12078000
B41: 5-1012Đ 56(27.11.24) | C41: 0 | D41: =+C41+BQ41-BR41 -> 0 | BQ41: =+E41+G41+I41+K41+M41+O41+Q41+S41+U41+W41+Y41+AA41+AC41+AE41+AG41+AI41+AK41+AM41+AO41+AQ41+AS41+AU41+AW41+AY41+BA41+BC41+BE41+BG41+BI41+BK41+BM41+BO41 -> 0 | BR41: =+F41+H41+J41+L41+N41+P41+R41+T41+V41+X41+Z41+AB41+AD41+AF41+AH41+AJ41+AL41+AN41+AP41+AR41+AT41+AV41+AX41+AZ41+BB41+BD41+BF41+BH41+BJ41+BL41+BN41+BP41 -> 0 | BT41: =+BS41*D41 -> 0 | BV41: =+BU41*BT41 -> 0
B42: 5-1013 | C42: 0 | D42: =+C42+BQ42-BR42 -> 0 | BQ42: =+E42+G42+I42+K42+M42+O42+Q42+S42+U42+W42+Y42+AA42+AC42+AE42+AG42+AI42+AK42+AM42+AO42+AQ42+AS42+AU42+AW42+AY42+BA42+BC42+BE42+BG42+BI42+BK42+BM42+BO42 -> 0 | BR42: =+F42+H42+J42+L42+N42+P42+R42+T42+V42+X42+Z42+AB42+AD42+AF42+AH42+AJ42+AL42+AN42+AP42+AR42+AT42+AV42+AX42+AZ42+BB42+BD42+BF42+BH42+BJ42+BL42+BN42+BP42 -> 0 | BS42: 1.5 | BT42: =+BS42*D42 -> 0 | BU42: 61000 | BV42: =+BU42*BT42 -> 0
B43: 5-1501 | C43: 133.33 | D43: =+C43+BQ43-BR43 -> 79.33 | K43: 2 | L43: 7 | T43: 10 | BH43: =35+4 -> 39 | BQ43: =+E43+G43+I43+K43+M43+O43+Q43+S43+U43+W43+Y43+AA43+AC43+AE43+AG43+AI43+AK43+AM43+AO43+AQ43+AS43+AU43+AW43+AY43+BA43+BC43+BE43+BG43+BI43+BK43+BM43+BO43 -> 2 | BR43: =+F43+H43+J43+L43+N43+P43+R43+T43+V43+X43+Z43+AB43+AD43+AF43+AH43+AJ43+AL43+AN43+AP43+AR43+AT43+AV43+AX43+AZ43+BB43+BD43+BF43+BH43+BJ43+BL43+BN43+BP43 -> 56 | BS43: 1.5 | BT43: =+BS43*D43 -> 118.995 | BU43: 63000 | BV43: =+BU43*BT43 -> 7496685
B44: 5-1006-Đen vân | C44: 0 | D44: =+C44+BQ44-BR44 -> 0 | BQ44: =+E44+G44+I44+K44+M44+O44+Q44+S44+U44+W44+Y44+AA44+AC44+AE44+AG44+AI44+AK44+AM44+AO44+AQ44+AS44+AU44+AW44+AY44+BA44+BC44+BE44+BG44+BI44+BK44+BM44+BO44 -> 0 | BR44: =+F44+H44+J44+L44+N44+P44+R44+T44+V44+X44+Z44+AB44+AD44+AF44+AH44+AJ44+AL44+AN44+AP44+AR44+AT44+AV44+AX44+AZ44+BB44+BD44+BF44+BH44+BJ44+BL44+BN44+BP44 -> 0 | BS44: 1.5 | BT44: =+BS44*D44 -> 0 | BU44: 74000 | BV44: =+BU44*BT44 -> 0
C45: 0 | D45: =+C45+BQ45-BR45 -> 0 | BQ45: =+E45+G45+I45+K45+M45+O45+Q45+S45+U45+W45+Y45+AA45+AC45+AE45+AG45+AI45+AK45+AM45+AO45+AQ45+AS45+AU45+AW45+AY45+BA45+BC45+BE45+BG45+BI45+BK45+BM45+BO45 -> 0 | BR45: =+F45+H45+J45+L45+N45+P45+R45+T45+V45+X45+Z45+AB45+AD45+AF45+AH45+AJ45+AL45+AN45+AP45+AR45+AT45+AV45+AX45+AZ45+BB45+BD45+BF45+BH45+BJ45+BL45+BN45+BP45 -> 0 | BT45: =+BS45*D45 -> 0 | BV45: =+BU45*BT45 -> 0
A46: 50*50 SÂN VƯỜN | B46: 5-1601 | C46: 42 | D46: =+C46+BQ46-BR46 -> 22 | AT46: 20 | BQ46: =+E46+G46+I46+K46+M46+O46+Q46+S46+U46+W46+Y46+AA46+AC46+AE46+AG46+AI46+AK46+AM46+AO46+AQ46+AS46+AU46+AW46+AY46+BA46+BC46+BE46+BG46+BI46+BK46+BM46+BO46 -> 0 | BR46: =+F46+H46+J46+L46+N46+P46+R46+T46+V46+X46+Z46+AB46+AD46+AF46+AH46+AJ46+AL46+AN46+AP46+AR46+AT46+AV46+AX46+AZ46+BB46+BD46+BF46+BH46+BJ46+BL46+BN46+BP46 -> 20 | BS46: 1.5 | BT46: =+BS46*D46 -> 33 | BU46: 73800 | BV46: =+BU46*BT46 -> 2435400
B47: 5-1602 | C47: 167 | D47: =+C47+BQ47-BR47 -> 167 | BQ47: =+E47+G47+I47+K47+M47+O47+Q47+S47+U47+W47+Y47+AA47+AC47+AE47+AG47+AI47+AK47+AM47+AO47+AQ47+AS47+AU47+AW47+AY47+BA47+BC47+BE47+BG47+BI47+BK47+BM47+BO47 -> 0 | BR47: =+F47+H47+J47+L47+N47+P47+R47+T47+V47+X47+Z47+AB47+AD47+AF47+AH47+AJ47+AL47+AN47+AP47+AR47+AT47+AV47+AX47+AZ47+BB47+BD47+BF47+BH47+BJ47+BL47+BN47+BP47 -> 0 | BS47: 1.5 | BT47: =+BS47*D47 -> 250.5 | BU47: 73800 | BV47: =+BU47*BT47 -> 18486900
B48: 5-1603 | C48: 204 | D48: =+C48+BQ48-BR48 -> 204 | BQ48: =+E48+G48+I48+K48+M48+O48+Q48+S48+U48+W48+Y48+AA48+AC48+AE48+AG48+AI48+AK48+AM48+AO48+AQ48+AS48+AU48+AW48+AY48+BA48+BC48+BE48+BG48+BI48+BK48+BM48+BO48 -> 0 | BR48: =+F48+H48+J48+L48+N48+P48+R48+T48+V48+X48+Z48+AB48+AD48+AF48+AH48+AJ48+AL48+AN48+AP48+AR48+AT48+AV48+AX48+AZ48+BB48+BD48+BF48+BH48+BJ48+BL48+BN48+BP48 -> 0 | BS48: 1.5 | BT48: =+BS48*D48 -> 306 | BU48: 83000 | BV48: =+BU48*BT48 -> 25398000
B49: 5-1322 | C49: 2 | D49: =+C49+BQ49-BR49 -> 2 | BQ49: =+E49+G49+I49+K49+M49+O49+Q49+S49+U49+W49+Y49+AA49+AC49+AE49+AG49+AI49+AK49+AM49+AO49+AQ49+AS49+AU49+AW49+AY49+BA49+BC49+BE49+BG49+BI49+BK49+BM49+BO49 -> 0 | BR49: =+F49+H49+J49+L49+N49+P49+R49+T49+V49+X49+Z49+AB49+AD49+AF49+AH49+AJ49+AL49+AN49+AP49+AR49+AT49+AV49+AX49+AZ49+BB49+BD49+BF49+BH49+BJ49+BL49+BN49+BP49 -> 0 | BS49: 1.5 | BT49: =+BS49*D49 -> 3 | BU49: 61000 | BV49: =+BU49*BT49 -> 183000
B50: 5-1323 | C50: 79 | D50: =+C50+BQ50-BR50 -> 65 | BJ50: 14 | BQ50: =+E50+G50+I50+K50+M50+O50+Q50+S50+U50+W50+Y50+AA50+AC50+AE50+AG50+AI50+AK50+AM50+AO50+AQ50+AS50+AU50+AW50+AY50+BA50+BC50+BE50+BG50+BI50+BK50+BM50+BO50 -> 0 | BR50: =+F50+H50+J50+L50+N50+P50+R50+T50+V50+X50+Z50+AB50+AD50+AF50+AH50+AJ50+AL50+AN50+AP50+AR50+AT50+AV50+AX50+AZ50+BB50+BD50+BF50+BH50+BJ50+BL50+BN50+BP50 -> 14 | BS50: 1.5 | BT50: =+BS50*D50 -> 97.5 | BU50: 61000 | BV50: =+BU50*BT50 -> 5947500
B51: 5-1310 | C51: 1 | D51: =+C51+BQ51-BR51 -> 1 | BQ51: =+E51+G51+I51+K51+M51+O51+Q51+S51+U51+W51+Y51+AA51+AC51+AE51+AG51+AI51+AK51+AM51+AO51+AQ51+AS51+AU51+AW51+AY51+BA51+BC51+BE51+BG51+BI51+BK51+BM51+BO51 -> 0 | BR51: =+F51+H51+J51+L51+N51+P51+R51+T51+V51+X51+Z51+AB51+AD51+AF51+AH51+AJ51+AL51+AN51+AP51+AR51+AT51+AV51+AX51+AZ51+BB51+BD51+BF51+BH51+BJ51+BL51+BN51+BP51 -> 0 | BS51: 1.5 | BT51: =+BS51*D51 -> 1.5 | BU51: 61000 | BV51: =+BU51*BT51 -> 91500
B52: 5-1311 | C52: 47 | D52: =+C52+BQ52-BR52 -> 47 | BQ52: =+E52+G52+I52+K52+M52+O52+Q52+S52+U52+W52+Y52+AA52+AC52+AE52+AG52+AI52+AK52+AM52+AO52+AQ52+AS52+AU52+AW52+AY52+BA52+BC52+BE52+BG52+BI52+BK52+BM52+BO52 -> 0 | BR52: =+F52+H52+J52+L52+N52+P52+R52+T52+V52+X52+Z52+AB52+AD52+AF52+AH52+AJ52+AL52+AN52+AP52+AR52+AT52+AV52+AX52+AZ52+BB52+BD52+BF52+BH52+BJ52+BL52+BN52+BP52 -> 0 | BS52: 1.5 | BT52: =+BS52*D52 -> 70.5 | BU52: 61000 | BV52: =+BU52*BT52 -> 4300500
B53: 5-1312 | C53: 345 | D53: =+C53+BQ53-BR53 -> 338 | P53: 6 | AD53: 1 | BQ53: =+E53+G53+I53+K53+M53+O53+Q53+S53+U53+W53+Y53+AA53+AC53+AE53+AG53+AI53+AK53+AM53+AO53+AQ53+AS53+AU53+AW53+AY53+BA53+BC53+BE53+BG53+BI53+BK53+BM53+BO53 -> 0 | BR53: =+F53+H53+J53+L53+N53+P53+R53+T53+V53+X53+Z53+AB53+AD53+AF53+AH53+AJ53+AL53+AN53+AP53+AR53+AT53+AV53+AX53+AZ53+BB53+BD53+BF53+BH53+BJ53+BL53+BN53+BP53 -> 7 | BS53: 1.5 | BT53: =+BS53*D53 -> 507 | BU53: 61000 | BV53: =+BU53*BT53 -> 30927000
C54: 0 | D54: =+C54+BQ54-BR54 -> 0 | BQ54: =+E54+G54+I54+K54+M54+O54+Q54+S54+U54+W54+Y54+AA54+AC54+AE54+AG54+AI54+AK54+AM54+AO54+AQ54+AS54+AU54+AW54+AY54+BA54+BC54+BE54+BG54+BI54+BK54+BM54+BO54 -> 0 | BR54: =+F54+H54+J54+L54+N54+P54+R54+T54+V54+X54+Z54+AB54+AD54+AF54+AH54+AJ54+AL54+AN54+AP54+AR54+AT54+AV54+AX54+AZ54+BB54+BD54+BF54+BH54+BJ54+BL54+BN54+BP54 -> 0 | BT54: =+BS54*D54 -> 0 | BV54: =+BU54*BT54 -> 0
A55: 60*60 CERAMIC | B55: 6-1302-sỏi ghi xanh-SV | C55: 3 | D55: =+C55+BQ55-BR55 -> 3 | BQ55: =+E55+G55+I55+K55+M55+O55+Q55+S55+U55+W55+Y55+AA55+AC55+AE55+AG55+AI55+AK55+AM55+AO55+AQ55+AS55+AU55+AW55+AY55+BA55+BC55+BE55+BG55+BI55+BK55+BM55+BO55 -> 0 | BR55: =+F55+H55+J55+L55+N55+P55+R55+T55+V55+X55+Z55+AB55+AD55+AF55+AH55+AJ55+AL55+AN55+AP55+AR55+AT55+AV55+AX55+AZ55+BB55+BD55+BF55+BH55+BJ55+BL55+BN55+BP55 -> 0 | BS55: 1.44 | BT55: =+BS55*D55 -> 4.32 | BU55: 75000 | BV55: =+BU55*BT55 -> 324000
C56: 0 | D56: =+C56+BQ56-BR56 -> 0 | BQ56: =+E56+G56+I56+K56+M56+O56+Q56+S56+U56+W56+Y56+AA56+AC56+AE56+AG56+AI56+AK56+AM56+AO56+AQ56+AS56+AU56+AW56+AY56+BA56+BC56+BE56+BG56+BI56+BK56+BM56+BO56 -> 0 | BR56: =+F56+H56+J56+L56+N56+P56+R56+T56+V56+X56+Z56+AB56+AD56+AF56+AH56+AJ56+AL56+AN56+AP56+AR56+AT56+AV56+AX56+AZ56+BB56+BD56+BF56+BH56+BJ56+BL56+BN56+BP56 -> 0 | BS56: 1.44 | BT56: =+BS56*D56 -> 0 | BV56: =+BU56*BT56 -> 0
B57: 6-1001-Đ63(8+9/12/25) | C57: -0.25 | D57: =+C57+BQ57-BR57 -> -0.25 | BQ57: =+E57+G57+I57+K57+M57+O57+Q57+S57+U57+W57+Y57+AA57+AC57+AE57+AG57+AI57+AK57+AM57+AO57+AQ57+AS57+AU57+AW57+AY57+BA57+BC57+BE57+BG57+BI57+BK57+BM57+BO57 -> 0 | BR57: =+F57+H57+J57+L57+N57+P57+R57+T57+V57+X57+Z57+AB57+AD57+AF57+AH57+AJ57+AL57+AN57+AP57+AR57+AT57+AV57+AX57+AZ57+BB57+BD57+BF57+BH57+BJ57+BL57+BN57+BP57 -> 0 | BS57: 1.44 | BT57: =+BS57*D57 -> -0.36 | BU57: 70000 | BV57: =+BU57*BT57 -> -25200
B58: 6-1001-Đ61(24.8.25) | C58: 367.75 | D58: =+C58+BQ58-BR58 -> 284.75 | P58: 38 | AH58: 47 | AI58: 2 | BQ58: =+E58+G58+I58+K58+M58+O58+Q58+S58+U58+W58+Y58+AA58+AC58+AE58+AG58+AI58+AK58+AM58+AO58+AQ58+AS58+AU58+AW58+AY58+BA58+BC58+BE58+BG58+BI58+BK58+BM58+BO58 -> 2 | BR58: =+F58+H58+J58+L58+N58+P58+R58+T58+V58+X58+Z58+AB58+AD58+AF58+AH58+AJ58+AL58+AN58+AP58+AR58+AT58+AV58+AX58+AZ58+BB58+BD58+BF58+BH58+BJ58+BL58+BN58+BP58 -> 85 | BS58: 1.44 | BT58: =+BS58*D58 -> 410.04 | BU58: 70000 | BV58: =+BU58*BT58 -> 28702800
B59: 6-1012 | C59: 0 | D59: =+C59+BQ59-BR59 -> 0 | BQ59: =+E59+G59+I59+K59+M59+O59+Q59+S59+U59+W59+Y59+AA59+AC59+AE59+AG59+AI59+AK59+AM59+AO59+AQ59+AS59+AU59+AW59+AY59+BA59+BC59+BE59+BG59+BI59+BK59+BM59+BO59 -> 0 | BR59: =+F59+H59+J59+L59+N59+P59+R59+T59+V59+X59+Z59+AB59+AD59+AF59+AH59+AJ59+AL59+AN59+AP59+AR59+AT59+AV59+AX59+AZ59+BB59+BD59+BF59+BH59+BJ59+BL59+BN59+BP59 -> 0 | BS59: 1.44 | BT59: =+BS59*D59 -> 0 | BU59: 70000 | BV59: =+BU59*BT59 -> 0
B60: 6-1012 | C60: 418 | D60: =+C60+BQ60-BR60 -> 444 | R60: =38+4 -> 42 | Z60: 70 | AD60: 1 | AF60: 14 | AJ60: 1 | AS60: 279 | BF60: 14 | BL60: =31+80 -> 111 | BQ60: =+E60+G60+I60+K60+M60+O60+Q60+S60+U60+W60+Y60+AA60+AC60+AE60+AG60+AI60+AK60+AM60+AO60+AQ60+AS60+AU60+AW60+AY60+BA60+BC60+BE60+BG60+BI60+BK60+BM60+BO60 -> 279 | BR60: =+F60+H60+J60+L60+N60+P60+R60+T60+V60+X60+Z60+AB60+AD60+AF60+AH60+AJ60+AL60+AN60+AP60+AR60+AT60+AV60+AX60+AZ60+BB60+BD60+BF60+BH60+BJ60+BL60+BN60+BP60 -> 253 | BS60: 1.44 | BT60: =+BS60*D60 -> 639.36 | BU60: 70000 | BV60: =+BU60*BT60 -> 44755200
B61: 6-1016 | C61: 14.25 | D61: =+C61+BQ61-BR61 -> 14.25 | BQ61: =+E61+G61+I61+K61+M61+O61+Q61+S61+U61+W61+Y61+AA61+AC61+AE61+AG61+AI61+AK61+AM61+AO61+AQ61+AS61+AU61+AW61+AY61+BA61+BC61+BE61+BG61+BI61+BK61+BM61+BO61 -> 0 | BR61: =+F61+H61+J61+L61+N61+P61+R61+T61+V61+X61+Z61+AB61+AD61+AF61+AH61+AJ61+AL61+AN61+AP61+AR61+AT61+AV61+AX61+AZ61+BB61+BD61+BF61+BH61+BJ61+BL61+BN61+BP61 -> 0 | BS61: 1.44 | BT61: =+BS61*D61 -> 20.52 | BU61: 70000 | BV61: =+BU61*BT61 -> 1436400
B62: 6-1017 | C62: 0 | D62: =+C62+BQ62-BR62 -> 0 | BQ62: =+E62+G62+I62+K62+M62+O62+Q62+S62+U62+W62+Y62+AA62+AC62+AE62+AG62+AI62+AK62+AM62+AO62+AQ62+AS62+AU62+AW62+AY62+BA62+BC62+BE62+BG62+BI62+BK62+BM62+BO62 -> 0 | BR62: =+F62+H62+J62+L62+N62+P62+R62+T62+V62+X62+Z62+AB62+AD62+AF62+AH62+AJ62+AL62+AN62+AP62+AR62+AT62+AV62+AX62+AZ62+BB62+BD62+BF62+BH62+BJ62+BL62+BN62+BP62 -> 0 | BS62: 1.44 | BT62: =+BS62*D62 -> 0 | BU62: 70000 | BV62: =+BU62*BT62 -> 0
B63: 6-1019 | C63: 14 | D63: =+C63+BQ63-BR63 -> 14 | BQ63: =+E63+G63+I63+K63+M63+O63+Q63+S63+U63+W63+Y63+AA63+AC63+AE63+AG63+AI63+AK63+AM63+AO63+AQ63+AS63+AU63+AW63+AY63+BA63+BC63+BE63+BG63+BI63+BK63+BM63+BO63 -> 0 | BR63: =+F63+H63+J63+L63+N63+P63+R63+T63+V63+X63+Z63+AB63+AD63+AF63+AH63+AJ63+AL63+AN63+AP63+AR63+AT63+AV63+AX63+AZ63+BB63+BD63+BF63+BH63+BJ63+BL63+BN63+BP63 -> 0 | BS63: 1.44 | BT63: =+BS63*D63 -> 20.16 | BU63: 70000 | BV63: =+BU63*BT63 -> 1411200
B64: 6-1020 | C64: 42 | D64: =+C64+BQ64-BR64 -> 42 | BQ64: =+E64+G64+I64+K64+M64+O64+Q64+S64+U64+W64+Y64+AA64+AC64+AE64+AG64+AI64+AK64+AM64+AO64+AQ64+AS64+AU64+AW64+AY64+BA64+BC64+BE64+BG64+BI64+BK64+BM64+BO64 -> 0 | BR64: =+F64+H64+J64+L64+N64+P64+R64+T64+V64+X64+Z64+AB64+AD64+AF64+AH64+AJ64+AL64+AN64+AP64+AR64+AT64+AV64+AX64+AZ64+BB64+BD64+BF64+BH64+BJ64+BL64+BN64+BP64 -> 0 | BS64: 1.44 | BT64: =+BS64*D64 -> 60.48 | BU64: 70000 | BV64: =+BU64*BT64 -> 4233600
B65: 6-1021 | C65: 12 | D65: =+C65+BQ65-BR65 -> 12 | BQ65: =+E65+G65+I65+K65+M65+O65+Q65+S65+U65+W65+Y65+AA65+AC65+AE65+AG65+AI65+AK65+AM65+AO65+AQ65+AS65+AU65+AW65+AY65+BA65+BC65+BE65+BG65+BI65+BK65+BM65+BO65 -> 0 | BR65: =+F65+H65+J65+L65+N65+P65+R65+T65+V65+X65+Z65+AB65+AD65+AF65+AH65+AJ65+AL65+AN65+AP65+AR65+AT65+AV65+AX65+AZ65+BB65+BD65+BF65+BH65+BJ65+BL65+BN65+BP65 -> 0 | BS65: 1.44 | BT65: =+BS65*D65 -> 17.28 | BU65: 70000 | BV65: =+BU65*BT65 -> 1209600
B66: 6-1022 | C66: 2 | D66: =+C66+BQ66-BR66 -> 26 | AS66: 80 | BL66: =50+6 -> 56 | BQ66: =+E66+G66+I66+K66+M66+O66+Q66+S66+U66+W66+Y66+AA66+AC66+AE66+AG66+AI66+AK66+AM66+AO66+AQ66+AS66+AU66+AW66+AY66+BA66+BC66+BE66+BG66+BI66+BK66+BM66+BO66 -> 80 | BR66: =+F66+H66+J66+L66+N66+P66+R66+T66+V66+X66+Z66+AB66+AD66+AF66+AH66+AJ66+AL66+AN66+AP66+AR66+AT66+AV66+AX66+AZ66+BB66+BD66+BF66+BH66+BJ66+BL66+BN66+BP66 -> 56 | BS66: 1.44 | BT66: =+BS66*D66 -> 37.44 | BU66: 70000 | BV66: =+BU66*BT66 -> 2620800
B67: 6-1501 | C67: 462 | D67: =+C67+BQ67-BR67 -> 294 | H67: 29 | W67: 1 | AF67: =60+5 -> 65 | AL67: 32 | AN67: 29 | AP67: 2 | AV67: 12 | BQ67: =+E67+G67+I67+K67+M67+O67+Q67+S67+U67+W67+Y67+AA67+AC67+AE67+AG67+AI67+AK67+AM67+AO67+AQ67+AS67+AU67+AW67+AY67+BA67+BC67+BE67+BG67+BI67+BK67+BM67+BO67 -> 1 | BR67: =+F67+H67+J67+L67+N67+P67+R67+T67+V67+X67+Z67+AB67+AD67+AF67+AH67+AJ67+AL67+AN67+AP67+AR67+AT67+AV67+AX67+AZ67+BB67+BD67+BF67+BH67+BJ67+BL67+BN67+BP67 -> 169 | BS67: 1.44 | BT67: =+BS67*D67 -> 423.36 | BU67: 72000 | BV67: =+BU67*BT67 -> 30481920
B68: 6-1502-Đ57(26.3.26 | C68: 444.25 | D68: =+C68+BQ68-BR68 -> 347.25 | AN68: 35 | AP68: 9 | AV68: =23+3+13 -> 39 | BF68: 14 | BQ68: =+E68+G68+I68+K68+M68+O68+Q68+S68+U68+W68+Y68+AA68+AC68+AE68+AG68+AI68+AK68+AM68+AO68+AQ68+AS68+AU68+AW68+AY68+BA68+BC68+BE68+BG68+BI68+BK68+BM68+BO68 -> 0 | BR68: =+F68+H68+J68+L68+N68+P68+R68+T68+V68+X68+Z68+AB68+AD68+AF68+AH68+AJ68+AL68+AN68+AP68+AR68+AT68+AV68+AX68+AZ68+BB68+BD68+BF68+BH68+BJ68+BL68+BN68+BP68 -> 97 | BT68: =+BS68*D68 -> 0 | BV68: =+BU68*BT68 -> 0
B69: 6-1304-men đường | C69: 62 | D69: =+C69+BQ69-BR69 -> 62 | BQ69: =+E69+G69+I69+K69+M69+O69+Q69+S69+U69+W69+Y69+AA69+AC69+AE69+AG69+AI69+AK69+AM69+AO69+AQ69+AS69+AU69+AW69+AY69+BA69+BC69+BE69+BG69+BI69+BK69+BM69+BO69 -> 0 | BR69: =+F69+H69+J69+L69+N69+P69+R69+T69+V69+X69+Z69+AB69+AD69+AF69+AH69+AJ69+AL69+AN69+AP69+AR69+AT69+AV69+AX69+AZ69+BB69+BD69+BF69+BH69+BJ69+BL69+BN69+BP69 -> 0 | BS69: 1.44 | BT69: =+BS69*D69 -> 89.28 | BU69: 86000 | BV69: =+BU69*BT69 -> 7678080
B70: 6-1013-đen vân | C70: 73 | D70: =+C70+BQ70-BR70 -> 78 | S70: 5 | BQ70: =+E70+G70+I70+K70+M70+O70+Q70+S70+U70+W70+Y70+AA70+AC70+AE70+AG70+AI70+AK70+AM70+AO70+AQ70+AS70+AU70+AW70+AY70+BA70+BC70+BE70+BG70+BI70+BK70+BM70+BO70 -> 5 | BR70: =+F70+H70+J70+L70+N70+P70+R70+T70+V70+X70+Z70+AB70+AD70+AF70+AH70+AJ70+AL70+AN70+AP70+AR70+AT70+AV70+AX70+AZ70+BB70+BD70+BF70+BH70+BJ70+BL70+BN70+BP70 -> 0 | BS70: 1.44 | BT70: =+BS70*D70 -> 112.32 | BU70: 84000 | BV70: =+BU70*BT70 -> 9434880
C71: 0 | D71: =+C71+BQ71-BR71 -> 0 | BQ71: =+E71+G71+I71+K71+M71+O71+Q71+S71+U71+W71+Y71+AA71+AC71+AE71+AG71+AI71+AK71+AM71+AO71+AQ71+AS71+AU71+AW71+AY71+BA71+BC71+BE71+BG71+BI71+BK71+BM71+BO71 -> 0 | BR71: =+F71+H71+J71+L71+N71+P71+R71+T71+V71+X71+Z71+AB71+AD71+AF71+AH71+AJ71+AL71+AN71+AP71+AR71+AT71+AV71+AX71+AZ71+BB71+BD71+BF71+BH71+BJ71+BL71+BN71+BP71 -> 0 | BT71: =+BS71*D71 -> 0 | BV71: =+BU71*BT71 -> 0
A72: 60*60 BÁN SỨ | B72: 6-6001 | C72: 65.75 | D72: =+C72+BQ72-BR72 -> 65.75 | BQ72: =+E72+G72+I72+K72+M72+O72+Q72+S72+U72+W72+Y72+AA72+AC72+AE72+AG72+AI72+AK72+AM72+AO72+AQ72+AS72+AU72+AW72+AY72+BA72+BC72+BE72+BG72+BI72+BK72+BM72+BO72 -> 0 | BR72: =+F72+H72+J72+L72+N72+P72+R72+T72+V72+X72+Z72+AB72+AD72+AF72+AH72+AJ72+AL72+AN72+AP72+AR72+AT72+AV72+AX72+AZ72+BB72+BD72+BF72+BH72+BJ72+BL72+BN72+BP72 -> 0 | BS72: 1.44 | BT72: =+BS72*D72 -> 94.68 | BU72: 90500 | BV72: =+BU72*BT72 -> 8568540
B73: 6-6007 | C73: 0 | D73: =+C73+BQ73-BR73 -> 0 | BQ73: =+E73+G73+I73+K73+M73+O73+Q73+S73+U73+W73+Y73+AA73+AC73+AE73+AG73+AI73+AK73+AM73+AO73+AQ73+AS73+AU73+AW73+AY73+BA73+BC73+BE73+BG73+BI73+BK73+BM73+BO73 -> 0 | BR73: =+F73+H73+J73+L73+N73+P73+R73+T73+V73+X73+Z73+AB73+AD73+AF73+AH73+AJ73+AL73+AN73+AP73+AR73+AT73+AV73+AX73+AZ73+BB73+BD73+BF73+BH73+BJ73+BL73+BN73+BP73 -> 0 | BS73: 1.44 | BT73: =+BS73*D73 -> 0 | BU73: 89000 | BV73: =+BU73*BT73 -> 0
B74: 6-6007-Đ53(23.12.25) | C74: 272 | D74: =+C74+BQ74-BR74 -> 270 | AL74: 2 | BQ74: =+E74+G74+I74+K74+M74+O74+Q74+S74+U74+W74+Y74+AA74+AC74+AE74+AG74+AI74+AK74+AM74+AO74+AQ74+AS74+AU74+AW74+AY74+BA74+BC74+BE74+BG74+BI74+BK74+BM74+BO74 -> 0 | BR74: =+F74+H74+J74+L74+N74+P74+R74+T74+V74+X74+Z74+AB74+AD74+AF74+AH74+AJ74+AL74+AN74+AP74+AR74+AT74+AV74+AX74+AZ74+BB74+BD74+BF74+BH74+BJ74+BL74+BN74+BP74 -> 2 | BT74: =+BS74*D74 -> 0 | BV74: =+BU74*BT74 -> 0
B75: 6-6013 | C75: 6 | D75: =+C75+BQ75-BR75 -> 6 | BQ75: =+E75+G75+I75+K75+M75+O75+Q75+S75+U75+W75+Y75+AA75+AC75+AE75+AG75+AI75+AK75+AM75+AO75+AQ75+AS75+AU75+AW75+AY75+BA75+BC75+BE75+BG75+BI75+BK75+BM75+BO75 -> 0 | BR75: =+F75+H75+J75+L75+N75+P75+R75+T75+V75+X75+Z75+AB75+AD75+AF75+AH75+AJ75+AL75+AN75+AP75+AR75+AT75+AV75+AX75+AZ75+BB75+BD75+BF75+BH75+BJ75+BL75+BN75+BP75 -> 0 | BS75: 1.44 | BT75: =+BS75*D75 -> 8.64 | BU75: 89000 | BV75: =+BU75*BT75 -> 768960
B76: 6-6022 | C76: 300 | D76: =+C76+BQ76-BR76 -> 300 | BQ76: =+E76+G76+I76+K76+M76+O76+Q76+S76+U76+W76+Y76+AA76+AC76+AE76+AG76+AI76+AK76+AM76+AO76+AQ76+AS76+AU76+AW76+AY76+BA76+BC76+BE76+BG76+BI76+BK76+BM76+BO76 -> 0 | BR76: =+F76+H76+J76+L76+N76+P76+R76+T76+V76+X76+Z76+AB76+AD76+AF76+AH76+AJ76+AL76+AN76+AP76+AR76+AT76+AV76+AX76+AZ76+BB76+BD76+BF76+BH76+BJ76+BL76+BN76+BP76 -> 0 | BS76: 1.44 | BT76: =+BS76*D76 -> 432 | BU76: 77000 | BV76: =+BU76*BT76 -> 33264000
B77: 6-6029 | C77: 0 | D77: =+C77+BQ77-BR77 -> 0 | BQ77: =+E77+G77+I77+K77+M77+O77+Q77+S77+U77+W77+Y77+AA77+AC77+AE77+AG77+AI77+AK77+AM77+AO77+AQ77+AS77+AU77+AW77+AY77+BA77+BC77+BE77+BG77+BI77+BK77+BM77+BO77 -> 0 | BR77: =+F77+H77+J77+L77+N77+P77+R77+T77+V77+X77+Z77+AB77+AD77+AF77+AH77+AJ77+AL77+AN77+AP77+AR77+AT77+AV77+AX77+AZ77+BB77+BD77+BF77+BH77+BJ77+BL77+BN77+BP77 -> 0 | BS77: 1.44 | BT77: =+BS77*D77 -> 0 | BU77: 89000 | BV77: =+BU77*BT77 -> 0
B78: 6-6030 | C78: 33 | D78: =+C78+BQ78-BR78 -> 33 | BQ78: =+E78+G78+I78+K78+M78+O78+Q78+S78+U78+W78+Y78+AA78+AC78+AE78+AG78+AI78+AK78+AM78+AO78+AQ78+AS78+AU78+AW78+AY78+BA78+BC78+BE78+BG78+BI78+BK78+BM78+BO78 -> 0 | BR78: =+F78+H78+J78+L78+N78+P78+R78+T78+V78+X78+Z78+AB78+AD78+AF78+AH78+AJ78+AL78+AN78+AP78+AR78+AT78+AV78+AX78+AZ78+BB78+BD78+BF78+BH78+BJ78+BL78+BN78+BP78 -> 0 | BS78: 1.44 | BT78: =+BS78*D78 -> 47.52 | BU78: 89000 | BV78: =+BU78*BT78 -> 4229280
B79: 6-6030 A2 | C79: 36 | D79: =+C79+BQ79-BR79 -> 36 | BQ79: =+E79+G79+I79+K79+M79+O79+Q79+S79+U79+W79+Y79+AA79+AC79+AE79+AG79+AI79+AK79+AM79+AO79+AQ79+AS79+AU79+AW79+AY79+BA79+BC79+BE79+BG79+BI79+BK79+BM79+BO79 -> 0 | BR79: =+F79+H79+J79+L79+N79+P79+R79+T79+V79+X79+Z79+AB79+AD79+AF79+AH79+AJ79+AL79+AN79+AP79+AR79+AT79+AV79+AX79+AZ79+BB79+BD79+BF79+BH79+BJ79+BL79+BN79+BP79 -> 0 | BS79: 1.44 | BT79: =+BS79*D79 -> 51.84 | BU79: 90000 | BV79: =+BU79*BT79 -> 4665600
B80: 6-6031 | C80: 65.5 | D80: =+C80+BQ80-BR80 -> 65.5 | BQ80: =+E80+G80+I80+K80+M80+O80+Q80+S80+U80+W80+Y80+AA80+AC80+AE80+AG80+AI80+AK80+AM80+AO80+AQ80+AS80+AU80+AW80+AY80+BA80+BC80+BE80+BG80+BI80+BK80+BM80+BO80 -> 0 | BR80: =+F80+H80+J80+L80+N80+P80+R80+T80+V80+X80+Z80+AB80+AD80+AF80+AH80+AJ80+AL80+AN80+AP80+AR80+AT80+AV80+AX80+AZ80+BB80+BD80+BF80+BH80+BJ80+BL80+BN80+BP80 -> 0 | BS80: 1.44 | BT80: =+BS80*D80 -> 94.32 | BU80: 89000 | BV80: =+BU80*BT80 -> 8394480
B81: 6-6031 A2 | C81: 40 | D81: =+C81+BQ81-BR81 -> 40 | BQ81: =+E81+G81+I81+K81+M81+O81+Q81+S81+U81+W81+Y81+AA81+AC81+AE81+AG81+AI81+AK81+AM81+AO81+AQ81+AS81+AU81+AW81+AY81+BA81+BC81+BE81+BG81+BI81+BK81+BM81+BO81 -> 0 | BR81: =+F81+H81+J81+L81+N81+P81+R81+T81+V81+X81+Z81+AB81+AD81+AF81+AH81+AJ81+AL81+AN81+AP81+AR81+AT81+AV81+AX81+AZ81+BB81+BD81+BF81+BH81+BJ81+BL81+BN81+BP81 -> 0 | BS81: 1.44 | BT81: =+BS81*D81 -> 57.6 | BU81: 90000 | BV81: =+BU81*BT81 -> 5184000
B82: 6-6036 | C82: 243.5 | D82: =+C82+BQ82-BR82 -> 114.5 | J82: 59 | V82: 14 | AX82: =50+6 -> 56 | BQ82: =+E82+G82+I82+K82+M82+O82+Q82+S82+U82+W82+Y82+AA82+AC82+AE82+AG82+AI82+AK82+AM82+AO82+AQ82+AS82+AU82+AW82+AY82+BA82+BC82+BE82+BG82+BI82+BK82+BM82+BO82 -> 0 | BR82: =+F82+H82+J82+L82+N82+P82+R82+T82+V82+X82+Z82+AB82+AD82+AF82+AH82+AJ82+AL82+AN82+AP82+AR82+AT82+AV82+AX82+AZ82+BB82+BD82+BF82+BH82+BJ82+BL82+BN82+BP82 -> 129 | BS82: 1.44 | BT82: =+BS82*D82 -> 164.88 | BU82: 89000 | BV82: =+BU82*BT82 -> 14674320
B83: 6-6037 | C83: 21.25 | D83: =+C83+BQ83-BR83 -> 21.25 | BQ83: =+E83+G83+I83+K83+M83+O83+Q83+S83+U83+W83+Y83+AA83+AC83+AE83+AG83+AI83+AK83+AM83+AO83+AQ83+AS83+AU83+AW83+AY83+BA83+BC83+BE83+BG83+BI83+BK83+BM83+BO83 -> 0 | BR83: =+F83+H83+J83+L83+N83+P83+R83+T83+V83+X83+Z83+AB83+AD83+AF83+AH83+AJ83+AL83+AN83+AP83+AR83+AT83+AV83+AX83+AZ83+BB83+BD83+BF83+BH83+BJ83+BL83+BN83+BP83 -> 0 | BS83: 1.44 | BT83: =+BS83*D83 -> 30.6 | BU83: 94000 | BV83: =+BU83*BT83 -> 2876400
B84: 6-6038-53(7.6.23) | C84: 161 | D84: =+C84+BQ84-BR84 -> 151 | BF84: 10 | BQ84: =+E84+G84+I84+K84+M84+O84+Q84+S84+U84+W84+Y84+AA84+AC84+AE84+AG84+AI84+AK84+AM84+AO84+AQ84+AS84+AU84+AW84+AY84+BA84+BC84+BE84+BG84+BI84+BK84+BM84+BO84 -> 0 | BR84: =+F84+H84+J84+L84+N84+P84+R84+T84+V84+X84+Z84+AB84+AD84+AF84+AH84+AJ84+AL84+AN84+AP84+AR84+AT84+AV84+AX84+AZ84+BB84+BD84+BF84+BH84+BJ84+BL84+BN84+BP84 -> 10 | BS84: 1.44 | BT84: =+BS84*D84 -> 217.44 | BU84: 89000 | BV84: =+BU84*BT84 -> 19352160
B85: 6-6039 | C85: 0 | D85: =+C85+BQ85-BR85 -> 0 | BQ85: =+E85+G85+I85+K85+M85+O85+Q85+S85+U85+W85+Y85+AA85+AC85+AE85+AG85+AI85+AK85+AM85+AO85+AQ85+AS85+AU85+AW85+AY85+BA85+BC85+BE85+BG85+BI85+BK85+BM85+BO85 -> 0 | BR85: =+F85+H85+J85+L85+N85+P85+R85+T85+V85+X85+Z85+AB85+AD85+AF85+AH85+AJ85+AL85+AN85+AP85+AR85+AT85+AV85+AX85+AZ85+BB85+BD85+BF85+BH85+BJ85+BL85+BN85+BP85 -> 0 | BS85: 1.44 | BT85: =+BS85*D85 -> 0 | BU85: 89000 | BV85: =+BU85*BT85 -> 0
B86: 6-6040 | C86: 347.25 | D86: =+C86+BQ86-BR86 -> 298.75 | BJ86: 48.5 | BQ86: =+E86+G86+I86+K86+M86+O86+Q86+S86+U86+W86+Y86+AA86+AC86+AE86+AG86+AI86+AK86+AM86+AO86+AQ86+AS86+AU86+AW86+AY86+BA86+BC86+BE86+BG86+BI86+BK86+BM86+BO86 -> 0 | BR86: =+F86+H86+J86+L86+N86+P86+R86+T86+V86+X86+Z86+AB86+AD86+AF86+AH86+AJ86+AL86+AN86+AP86+AR86+AT86+AV86+AX86+AZ86+BB86+BD86+BF86+BH86+BJ86+BL86+BN86+BP86 -> 48.5 | BS86: 1.44 | BT86: =+BS86*D86 -> 430.2 | BU86: 94000 | BV86: =+BU86*BT86 -> 40438800
B87: 6-6040 A2 | C87: 23 | D87: =+C87+BQ87-BR87 -> 18 | BJ87: 5 | BQ87: =+E87+G87+I87+K87+M87+O87+Q87+S87+U87+W87+Y87+AA87+AC87+AE87+AG87+AI87+AK87+AM87+AO87+AQ87+AS87+AU87+AW87+AY87+BA87+BC87+BE87+BG87+BI87+BK87+BM87+BO87 -> 0 | BR87: =+F87+H87+J87+L87+N87+P87+R87+T87+V87+X87+Z87+AB87+AD87+AF87+AH87+AJ87+AL87+AN87+AP87+AR87+AT87+AV87+AX87+AZ87+BB87+BD87+BF87+BH87+BJ87+BL87+BN87+BP87 -> 5 | BS87: 1.44 | BT87: =+BS87*D87 -> 25.92 | BU87: 79000 | BV87: =+BU87*BT87 -> 2047680
B88: 6-6041-53(20.12.25) | C88: 190 | D88: =+C88+BQ88-BR88 -> 190 | BQ88: =+E88+G88+I88+K88+M88+O88+Q88+S88+U88+W88+Y88+AA88+AC88+AE88+AG88+AI88+AK88+AM88+AO88+AQ88+AS88+AU88+AW88+AY88+BA88+BC88+BE88+BG88+BI88+BK88+BM88+BO88 -> 0 | BR88: =+F88+H88+J88+L88+N88+P88+R88+T88+V88+X88+Z88+AB88+AD88+AF88+AH88+AJ88+AL88+AN88+AP88+AR88+AT88+AV88+AX88+AZ88+BB88+BD88+BF88+BH88+BJ88+BL88+BN88+BP88 -> 0 | BS88: 1.44 | BT88: =+BS88*D88 -> 273.6 | BU88: 94000 | BV88: =+BU88*BT88 -> 25718400
B89: 6-6042 | C89: 228 | D89: =+C89+BQ89-BR89 -> 228 | BQ89: =+E89+G89+I89+K89+M89+O89+Q89+S89+U89+W89+Y89+AA89+AC89+AE89+AG89+AI89+AK89+AM89+AO89+AQ89+AS89+AU89+AW89+AY89+BA89+BC89+BE89+BG89+BI89+BK89+BM89+BO89 -> 0 | BR89: =+F89+H89+J89+L89+N89+P89+R89+T89+V89+X89+Z89+AB89+AD89+AF89+AH89+AJ89+AL89+AN89+AP89+AR89+AT89+AV89+AX89+AZ89+BB89+BD89+BF89+BH89+BJ89+BL89+BN89+BP89 -> 0 | BS89: 1.44 | BT89: =+BS89*D89 -> 328.32 | BU89: 94000 | BV89: =+BU89*BT89 -> 30862080
B90: 6-6042- A2 | C90: 65 | D90: =+C90+BQ90-BR90 -> 65 | BQ90: =+E90+G90+I90+K90+M90+O90+Q90+S90+U90+W90+Y90+AA90+AC90+AE90+AG90+AI90+AK90+AM90+AO90+AQ90+AS90+AU90+AW90+AY90+BA90+BC90+BE90+BG90+BI90+BK90+BM90+BO90 -> 0 | BR90: =+F90+H90+J90+L90+N90+P90+R90+T90+V90+X90+Z90+AB90+AD90+AF90+AH90+AJ90+AL90+AN90+AP90+AR90+AT90+AV90+AX90+AZ90+BB90+BD90+BF90+BH90+BJ90+BL90+BN90+BP90 -> 0 | BS90: 1.44 | BT90: =+BS90*D90 -> 93.6 | BU90: 79000 | BV90: =+BU90*BT90 -> 7394400
B91: 6-6043 | C91: 82 | D91: =+C91+BQ91-BR91 -> 82 | BQ91: =+E91+G91+I91+K91+M91+O91+Q91+S91+U91+W91+Y91+AA91+AC91+AE91+AG91+AI91+AK91+AM91+AO91+AQ91+AS91+AU91+AW91+AY91+BA91+BC91+BE91+BG91+BI91+BK91+BM91+BO91 -> 0 | BR91: =+F91+H91+J91+L91+N91+P91+R91+T91+V91+X91+Z91+AB91+AD91+AF91+AH91+AJ91+AL91+AN91+AP91+AR91+AT91+AV91+AX91+AZ91+BB91+BD91+BF91+BH91+BJ91+BL91+BN91+BP91 -> 0 | BS91: 1.44 | BT91: =+BS91*D91 -> 118.08 | BU91: 94000 | BV91: =+BU91*BT91 -> 11099520
B92: 6-6043- A2 | C92: 110 | D92: =+C92+BQ92-BR92 -> 110 | BQ92: =+E92+G92+I92+K92+M92+O92+Q92+S92+U92+W92+Y92+AA92+AC92+AE92+AG92+AI92+AK92+AM92+AO92+AQ92+AS92+AU92+AW92+AY92+BA92+BC92+BE92+BG92+BI92+BK92+BM92+BO92 -> 0 | BR92: =+F92+H92+J92+L92+N92+P92+R92+T92+V92+X92+Z92+AB92+AD92+AF92+AH92+AJ92+AL92+AN92+AP92+AR92+AT92+AV92+AX92+AZ92+BB92+BD92+BF92+BH92+BJ92+BL92+BN92+BP92 -> 0 | BS92: 1.44 | BT92: =+BS92*D92 -> 158.4 | BU92: 79000 | BV92: =+BU92*BT92 -> 12513600
B93: 6-6045 | C93: 166.75 | D93: =+C93+BQ93-BR93 -> 116.75 | AH93: 29 | AN93: 24 | AS93: 3 | BQ93: =+E93+G93+I93+K93+M93+O93+Q93+S93+U93+W93+Y93+AA93+AC93+AE93+AG93+AI93+AK93+AM93+AO93+AQ93+AS93+AU93+AW93+AY93+BA93+BC93+BE93+BG93+BI93+BK93+BM93+BO93 -> 3 | BR93: =+F93+H93+J93+L93+N93+P93+R93+T93+V93+X93+Z93+AB93+AD93+AF93+AH93+AJ93+AL93+AN93+AP93+AR93+AT93+AV93+AX93+AZ93+BB93+BD93+BF93+BH93+BJ93+BL93+BN93+BP93 -> 53 | BS93: 1.44 | BT93: =+BS93*D93 -> 168.12 | BU93: 89000 | BV93: =+BU93*BT93 -> 14962680
B94: 6-6045 a2 | C94: 0 | D94: =+C94+BQ94-BR94 -> 0 | BQ94: =+E94+G94+I94+K94+M94+O94+Q94+S94+U94+W94+Y94+AA94+AC94+AE94+AG94+AI94+AK94+AM94+AO94+AQ94+AS94+AU94+AW94+AY94+BA94+BC94+BE94+BG94+BI94+BK94+BM94+BO94 -> 0 | BR94: =+F94+H94+J94+L94+N94+P94+R94+T94+V94+X94+Z94+AB94+AD94+AF94+AH94+AJ94+AL94+AN94+AP94+AR94+AT94+AV94+AX94+AZ94+BB94+BD94+BF94+BH94+BJ94+BL94+BN94+BP94 -> 0 | BT94: =+BS94*D94 -> 0 | BV94: =+BU94*BT94 -> 0
B95: 6-6100 | C95: 141 | D95: =+C95+BQ95-BR95 -> 133 | T95: 2 | V95: 1 | AT95: 2 | BH95: 2 | BN95: 1 | BQ95: =+E95+G95+I95+K95+M95+O95+Q95+S95+U95+W95+Y95+AA95+AC95+AE95+AG95+AI95+AK95+AM95+AO95+AQ95+AS95+AU95+AW95+AY95+BA95+BC95+BE95+BG95+BI95+BK95+BM95+BO95 -> 0 | BR95: =+F95+H95+J95+L95+N95+P95+R95+T95+V95+X95+Z95+AB95+AD95+AF95+AH95+AJ95+AL95+AN95+AP95+AR95+AT95+AV95+AX95+AZ95+BB95+BD95+BF95+BH95+BJ95+BL95+BN95+BP95 -> 8 | BS95: 1.44 | BT95: =+BS95*D95 -> 191.52 | BU95: 126000 | BV95: =+BU95*BT95 -> 24131520
B96: 6-6100 A2 | C96: 0 | D96: =+C96+BQ96-BR96 -> 0 | BQ96: =+E96+G96+I96+K96+M96+O96+Q96+S96+U96+W96+Y96+AA96+AC96+AE96+AG96+AI96+AK96+AM96+AO96+AQ96+AS96+AU96+AW96+AY96+BA96+BC96+BE96+BG96+BI96+BK96+BM96+BO96 -> 0 | BR96: =+F96+H96+J96+L96+N96+P96+R96+T96+V96+X96+Z96+AB96+AD96+AF96+AH96+AJ96+AL96+AN96+AP96+AR96+AT96+AV96+AX96+AZ96+BB96+BD96+BF96+BH96+BJ96+BL96+BN96+BP96 -> 0 | BS96: 1.44 | BT96: =+BS96*D96 -> 0 | BU96: 126000 | BV96: =+BU96*BT96 -> 0
B97: 6-6200 | C97: 43 | D97: =+C97+BQ97-BR97 -> 6 | H97: =2+5 -> 7 | J97: 4 | AR97: 9 | AX97: 10 | BF97: 7 | BQ97: =+E97+G97+I97+K97+M97+O97+Q97+S97+U97+W97+Y97+AA97+AC97+AE97+AG97+AI97+AK97+AM97+AO97+AQ97+AS97+AU97+AW97+AY97+BA97+BC97+BE97+BG97+BI97+BK97+BM97+BO97 -> 0 | BR97: =+F97+H97+J97+L97+N97+P97+R97+T97+V97+X97+Z97+AB97+AD97+AF97+AH97+AJ97+AL97+AN97+AP97+AR97+AT97+AV97+AX97+AZ97+BB97+BD97+BF97+BH97+BJ97+BL97+BN97+BP97 -> 37 | BS97: 1.44 | BT97: =+BS97*D97 -> 8.64 | BU97: 126000 | BV97: =+BU97*BT97 -> 1088640
B98: 6-6400 | C98: 15 | D98: =+C98+BQ98-BR98 -> 14 | H98: 1 | BQ98: =+E98+G98+I98+K98+M98+O98+Q98+S98+U98+W98+Y98+AA98+AC98+AE98+AG98+AI98+AK98+AM98+AO98+AQ98+AS98+AU98+AW98+AY98+BA98+BC98+BE98+BG98+BI98+BK98+BM98+BO98 -> 0 | BR98: =+F98+H98+J98+L98+N98+P98+R98+T98+V98+X98+Z98+AB98+AD98+AF98+AH98+AJ98+AL98+AN98+AP98+AR98+AT98+AV98+AX98+AZ98+BB98+BD98+BF98+BH98+BJ98+BL98+BN98+BP98 -> 1 | BS98: 1.44 | BT98: =+BS98*D98 -> 20.16 | BU98: 126000 | BV98: =+BU98*BT98 -> 2540160
B99: 6-6400 A2 | C99: 29 | D99: =+C99+BQ99-BR99 -> 27 | V99: 2 | BQ99: =+E99+G99+I99+K99+M99+O99+Q99+S99+U99+W99+Y99+AA99+AC99+AE99+AG99+AI99+AK99+AM99+AO99+AQ99+AS99+AU99+AW99+AY99+BA99+BC99+BE99+BG99+BI99+BK99+BM99+BO99 -> 0 | BR99: =+F99+H99+J99+L99+N99+P99+R99+T99+V99+X99+Z99+AB99+AD99+AF99+AH99+AJ99+AL99+AN99+AP99+AR99+AT99+AV99+AX99+AZ99+BB99+BD99+BF99+BH99+BJ99+BL99+BN99+BP99 -> 2 | BS99: 1.44 | BT99: =+BS99*D99 -> 38.88 | BU99: 108000 | BV99: =+BU99*BT99 -> 4199040
B100: 6-6400 A3 | C100: 171 | D100: =+C100+BQ100-BR100 -> 171 | BQ100: =+E100+G100+I100+K100+M100+O100+Q100+S100+U100+W100+Y100+AA100+AC100+AE100+AG100+AI100+AK100+AM100+AO100+AQ100+AS100+AU100+AW100+AY100+BA100+BC100+BE100+BG100+BI100+BK100+BM100+BO100 -> 0 | BR100: =+F100+H100+J100+L100+N100+P100+R100+T100+V100+X100+Z100+AB100+AD100+AF100+AH100+AJ100+AL100+AN100+AP100+AR100+AT100+AV100+AX100+AZ100+BB100+BD100+BF100+BH100+BJ100+BL100+BN100+BP100 -> 0 | BT100: =+BS100*D100 -> 0 | BV100: =+BU100*BT100 -> 0
...

Sheet NICE
B1: TÊN SP | C1: TỒN CK 30,9.2026 | D1: TỒN HIỆN TẠI T10.2026 | E1: 1 | G1: =1+E1 -> 2 | I1: =1+G1 -> 3 | K1: =1+I1 -> 4 | M1: 5 | O1: =1+M1 -> 6 | Q1: =1+O1 -> 7 | S1: =1+Q1 -> 8 | U1: =1+S1 -> 9 | W1: =1+U1 -> 10 | Y1: =1+W1 -> 11 | AA1: =1+Y1 -> 12 | AC1: =1+AA1 -> 13 | AE1: =1+AC1 -> 14 | AG1: =1+AE1 -> 15 | AI1: =1+AG1 -> 16 | AK1: =1+AI1 -> 17 | AM1: =1+AK1 -> 18 | AO1: =1+AM1 -> 19 | AQ1: =1+AO1 -> 20 | AS1: =1+AQ1 -> 21 | AU1: =1+AS1 -> 22 | AW1: =1+AU1 -> 23 | AY1: =1+AW1 -> 24 | BA1: =1+AY1 -> 25 | BC1: =1+BA1 -> 26 | BE1: =1+BC1 -> 27 | BG1: =1+BE1 -> 28 | BI1: =1+BG1 -> 29 | BK1: =1+BI1 -> 30 | BM1: =1+BK1 -> 31 | BO1: thiếu hụt k rõ nguyên nhân | BQ1: TỔNG | BS1: M2/H | BT1: QUY M2 | BU1: ĐƠN GIÁ/m | BV1: THÀNH TIỀN
A2: TỔNG CỘNG | C2: =SUM(C5:C140) -> 10903.004 | D2: =SUM(D5:D140) -> 10663.004 | E2: N | F2: X | G2: N | H2: X | I2: N | J2: X | K2: N | L2: X | M2: N | N2: X | O2: N | P2: X | Q2: N | R2: X | S2: N | T2: X | U2: N | V2: X | W2: N | X2: X | Y2: N | Z2: X | AA2: N | AB2: X | AC2: N | AD2: X | AE2: N | AF2: X | AG2: N | AH2: X | AI2: N | AJ2: X | AK2: N | AL2: X | AM2: N | AN2: X | AO2: N | AP2: X | AQ2: N | AR2: X | AS2: N | AT2: X | AU2: N | AV2: X | AW2: N | AX2: X | AY2: N | AZ2: X | BA2: N | BB2: X | BC2: N | BD2: X | BE2: N | BF2: X | BG2: N | BH2: X | BI2: N | BJ2: X | BK2: N | BL2: X | BM2: N | BN2: X | BO2: N | BP2: X | BQ2: N | BR2: X | BT2: =SUM(BT5:BT121) -> 18435.463 | BV2: =SUM(BV5:BV121) -> 1.8468104e+09
E3: =SUM(E4:E121) -> 1 | F3: =SUM(F4:F121) -> 33 | G3: =SUM(G4:G121) -> 0 | H3: =SUM(H4:H121) -> 90 | I3: =SUM(I4:I121) -> 0 | J3: =SUM(J4:J121) -> 6 | K3: =SUM(K4:K121) -> 0 | L3: =SUM(L4:L121) -> 29 | ... BP3: =SUM(BP4:BP121) -> 0 | BQ3: =+E3+G3+I3+K3+M3+O3+Q3+S3+U3+W3+Y3+AA3+AC3+AE3+AG3+AI3+AK3+AM3+AO3+AQ3+AS3+AU3+AW3+AY3+BA3+BC3+BE3+BG3+BI3+BK3+BM3+BO3 -> 2 | BR3: =+F3+H3+J3+L3+N3+P3+R3+T3+V3+X3+Z3+AB3+AD3+AF3+AH3+AJ3+AL3+AN3+AP3+AR3+AT3+AV3+AX3+AZ3+BB3+BD3+BF3+BH3+BJ3+BL3+BN3+BP3 -> 242
E4: 0 | BQ4: =+E4+G4+I4+K4+M4+O4+Q4+S4+U4+W4+Y4+AA4+AC4+AE4+AG4+AI4+AK4+AM4+AO4+AQ4+AS4+AU4+AW4+AY4+BA4+BC4+BE4+BG4+BI4+BK4+BM4+BO4 -> 0 | BR4: =+F4+H4+J4+L4+N4+P4+R4+T4+V4+X4+Z4+AB4+AD4+AF4+AH4+AJ4+AL4+AN4+AP4+AR4+AT4+AV4+AX4+AZ4+BB4+BD4+BF4+BH4+BJ4+BL4+BN4+BP4 -> 0
A5: 30*60 BÁN SỨ | B5: 036-6002 Nhạt | C5: 212 | D5: =C5+BQ5-BR5 -> 195 | N5: 17 | BQ5: =+E5+G5+I5+K5+M5+O5+Q5+S5+U5+W5+Y5+AA5+AC5+AE5+AG5+AI5+AK5+AM5+AO5+AQ5+AS5+AU5+AW5+AY5+BA5+BC5+BE5+BG5+BI5+BK5+BM5+BO5 -> 0 | BR5: =+F5+H5+J5+L5+N5+P5+R5+T5+V5+X5+Z5+AB5+AD5+AF5+AH5+AJ5+AL5+AN5+AP5+AR5+AT5+AV5+AX5+AZ5+BB5+BD5+BF5+BH5+BJ5+BL5+BN5+BP5 -> 17 | BS5: 1.44 | BT5: =+BS5*D5 -> 280.8 | BU5: 88000 | BV5: =+BU5*BT5 -> 24710400
B6: 036-6003 nhạt | C6: 53 | D6: =C6+BQ6-BR6 -> 53 | BQ6: =+E6+G6+I6+K6+M6+O6+Q6+S6+U6+W6+Y6+AA6+AC6+AE6+AG6+AI6+AK6+AM6+AO6+AQ6+AS6+AU6+AW6+AY6+BA6+BC6+BE6+BG6+BI6+BK6+BM6+BO6 -> 0 | BR6: =+F6+H6+J6+L6+N6+P6+R6+T6+V6+X6+Z6+AB6+AD6+AF6+AH6+AJ6+AL6+AN6+AP6+AR6+AT6+AV6+AX6+AZ6+BB6+BD6+BF6+BH6+BJ6+BL6+BN6+BP6 -> 0 | BS6: 1.44 | BT6: =+BS6*D6 -> 76.32 | BU6: 88000 | BV6: =+BU6*BT6 -> 6716160
B7: 036-601-kem vàng | C7: 16 | D7: =C7+BQ7-BR7 -> 16 | BQ7: =+E7+G7+I7+K7+M7+O7+Q7+S7+U7+W7+Y7+AA7+AC7+AE7+AG7+AI7+AK7+AM7+AO7+AQ7+AS7+AU7+AW7+AY7+BA7+BC7+BE7+BG7+BI7+BK7+BM7+BO7 -> 0 | BR7: =+F7+H7+J7+L7+N7+P7+R7+T7+V7+X7+Z7+AB7+AD7+AF7+AH7+AJ7+AL7+AN7+AP7+AR7+AT7+AV7+AX7+AZ7+BB7+BD7+BF7+BH7+BJ7+BL7+BN7+BP7 -> 0 | BS7: 1.44 | BT7: =+BS7*D7 -> 23.04 | BU7: 88000 | BV7: =+BU7*BT7 -> 2027520
C8: 0 | D8: =C8+BQ8-BR8 -> 0 | BQ8: =+E8+G8+I8+K8+M8+O8+Q8+S8+U8+W8+Y8+AA8+AC8+AE8+AG8+AI8+AK8+AM8+AO8+AQ8+AS8+AU8+AW8+AY8+BA8+BC8+BE8+BG8+BI8+BK8+BM8+BO8 -> 0 | BR8: =+F8+H8+J8+L8+N8+P8+R8+T8+V8+X8+Z8+AB8+AD8+AF8+AH8+AJ8+AL8+AN8+AP8+AR8+AT8+AV8+AX8+AZ8+BB8+BD8+BF8+BH8+BJ8+BL8+BN8+BP8 -> 0 | BS8: 1.44 | BT8: =+BS8*D8 -> 0 | BU8: 88000 | BV8: =+BU8*BT8 -> 0
A9: 40*80 BỘ BS | B9: 48-6000- Trắng tinh-53(30.12.23) | C9: 6 | D9: =C9+BQ9-BR9 -> 6 | BQ9: =+E9+G9+I9+K9+M9+O9+Q9+S9+U9+W9+Y9+AA9+AC9+AE9+AG9+AI9+AK9+AM9+AO9+AQ9+AS9+AU9+AW9+AY9+BA9+BC9+BE9+BG9+BI9+BK9+BM9+BO9 -> 0 | BR9: =+F9+H9+J9+L9+N9+P9+R9+T9+V9+X9+Z9+AB9+AD9+AF9+AH9+AJ9+AL9+AN9+AP9+AR9+AT9+AV9+AX9+AZ9+BB9+BD9+BF9+BH9+BJ9+BL9+BN9+BP9 -> 0 | BS9: 1.92 | BT9: =+BS9*D9 -> 11.52 | BU9: 105000 | BV9: =+BU9*BT9 -> 1209600
C10: 0 | D10: =C10+BQ10-BR10 -> 0 | BQ10: =+E10+G10+I10+K10+M10+O10+Q10+S10+U10+W10+Y10+AA10+AC10+AE10+AG10+AI10+AK10+AM10+AO10+AQ10+AS10+AU10+AW10+AY10+BA10+BC10+BE10+BG10+BI10+BK10+BM10+BO10 -> 0 | BR10: =+F10+H10+J10+L10+N10+P10+R10+T10+V10+X10+Z10+AB10+AD10+AF10+AH10+AJ10+AL10+AN10+AP10+AR10+AT10+AV10+AX10+AZ10+BB10+BD10+BF10+BH10+BJ10+BL10+BN10+BP10 -> 0 | BS10: 1.92 | BT10: =+BS10*D10 -> 0 | BV10: =+BU10*BT10 -> 0
B11: 48-6001-Nhạt | C11: 111 | D11: =C11+BQ11-BR11 -> 111 | BQ11: =+E11+G11+I11+K11+M11+O11+Q11+S11+U11+W11+Y11+AA11+AC11+AE11+AG11+AI11+AK11+AM11+AO11+AQ11+AS11+AU11+AW11+AY11+BA11+BC11+BE11+BG11+BI11+BK11+BM11+BO11 -> 0 | BR11: =+F11+H11+J11+L11+N11+P11+R11+T11+V11+X11+Z11+AB11+AD11+AF11+AH11+AJ11+AL11+AN11+AP11+AR11+AT11+AV11+AX11+AZ11+BB11+BD11+BF11+BH11+BJ11+BL11+BN11+BP11 -> 0 | BS11: 1.92 | BT11: =+BS11*D11 -> 213.12 | BU11: 101000 | BV11: =+BU11*BT11 -> 21525120
B12: 48-6001-Đậm | C12: 48.67 | D12: =+C12+BQ12-BR12 -> 14.67 | F12: 21 | H12: 13 | BQ12: =+E12+G12+I12+K12+M12+O12+Q12+S12+U12+W12+Y12+AA12+AC12+AE12+AG12+AI12+AK12+AM12+AO12+AQ12+AS12+AU12+AW12+AY12+BA12+BC12+BE12+BG12+BI12+BK12+BM12+BO12 -> 0 | BR12: =+F12+H12+J12+L12+N12+P12+R12+T12+V12+X12+Z12+AB12+AD12+AF12+AH12+AJ12+AL12+AN12+AP12+AR12+AT12+AV12+AX12+AZ12+BB12+BD12+BF12+BH12+BJ12+BL12+BN12+BP12 -> 34 | BS12: 1.92 | BT12: =+BS12*D12 -> 28.1664 | BU12: 106000 | BV12: =+BU12*BT12 -> 2985638.4
B13: 48-6001-Điểm | C13: 40 | D13: =+C13+BQ13-BR13 -> 40 | BQ13: =+E13+G13+I13+K13+M13+O13+Q13+S13+U13+W13+Y13+AA13+AC13+AE13+AG13+AI13+AK13+AM13+AO13+AQ13+AS13+AU13+AW13+AY13+BA13+BC13+BE13+BG13+BI13+BK13+BM13+BO13 -> 0 | BR13: =+F13+H13+J13+L13+N13+P13+R13+T13+V13+X13+Z13+AB13+AD13+AF13+AH13+AJ13+AL13+AN13+AP13+AR13+AT13+AV13+AX13+AZ13+BB13+BD13+BF13+BH13+BJ13+BL13+BN13+BP13 -> 0 | BS13: 1.92 | BT13: =+BS13*D13 -> 76.8 | BU13: 106000 | BV13: =+BU13*BT13 -> 8140800
BQ14: =+E14+G14+I14+K14+M14+O14+Q14+S14+U14+W14+Y14+AA14+AC14+AE14+AG14+AI14+AK14+AM14+AO14+AQ14+AS14+AU14+AW14+AY14+BA14+BC14+BE14+BG14+BI14+BK14+BM14+BO14 -> 0 | BR14: =+F14+H14+J14+L14+N14+P14+R14+T14+V14+X14+Z14+AB14+AD14+AF14+AH14+AJ14+AL14+AN14+AP14+AR14+AT14+AV14+AX14+AZ14+BB14+BD14+BF14+BH14+BJ14+BL14+BN14+BP14 -> 0 | BS14: 1.92 | BT14: =+BS14*D14 -> 0 | BV14: =+BU14*BT14 -> 0
B15: 48-6002-Khói | C15: 89 | D15: =+C15+BQ15-BR15 -> 71 | N15: 18 | BQ15: =+E15+G15+I15+K15+M15+O15+Q15+S15+U15+W15+Y15+AA15+AC15+AE15+AG15+AI15+AK15+AM15+AO15+AQ15+AS15+AU15+AW15+AY15+BA15+BC15+BE15+BG15+BI15+BK15+BM15+BO15 -> 0 | BR15: =+F15+H15+J15+L15+N15+P15+R15+T15+V15+X15+Z15+AB15+AD15+AF15+AH15+AJ15+AL15+AN15+AP15+AR15+AT15+AV15+AX15+AZ15+BB15+BD15+BF15+BH15+BJ15+BL15+BN15+BP15 -> 18 | BS15: 1.92 | BT15: =+BS15*D15 -> 136.32 | BU15: 101000 | BV15: =+BU15*BT15 -> 13768320
B16: 48-6002-Điểm | C16: 6 | D16: =+C16+BQ16-BR16 -> 4 | N16: 2 | BQ16: =+E16+G16+I16+K16+M16+O16+Q16+S16+U16+W16+Y16+AA16+AC16+AE16+AG16+AI16+AK16+AM16+AO16+AQ16+AS16+AU16+AW16+AY16+BA16+BC16+BE16+BG16+BI16+BK16+BM16+BO16 -> 0 | BR16: =+F16+H16+J16+L16+N16+P16+R16+T16+V16+X16+Z16+AB16+AD16+AF16+AH16+AJ16+AL16+AN16+AP16+AR16+AT16+AV16+AX16+AZ16+BB16+BD16+BF16+BH16+BJ16+BL16+BN16+BP16 -> 2 | BS16: 1.92 | BT16: =+BS16*D16 -> 7.68 | BU16: 106000 | BV16: =+BU16*BT16 -> 814080
C17: 0 | D17: =+C17+BQ17-BR17 -> 0 | BQ17: =+E17+G17+I17+K17+M17+O17+Q17+S17+U17+W17+Y17+AA17+AC17+AE17+AG17+AI17+AK17+AM17+AO17+AQ17+AS17+AU17+AW17+AY17+BA17+BC17+BE17+BG17+BI17+BK17+BM17+BO17 -> 0 | BR17: =+F17+H17+J17+L17+N17+P17+R17+T17+V17+X17+Z17+AB17+AD17+AF17+AH17+AJ17+AL17+AN17+AP17+AR17+AT17+AV17+AX17+AZ17+BB17+BD17+BF17+BH17+BJ17+BL17+BN17+BP17 -> 0 | BS17: 1.92 | BT17: =+BS17*D17 -> 0 | BV17: =+BU17*BT17 -> 0
B18: 48-6003-Vân | C18: 90 | D18: =+C18+BQ18-BR18 -> 90 | BQ18: =+E18+G18+I18+K18+M18+O18+Q18+S18+U18+W18+Y18+AA18+AC18+AE18+AG18+AI18+AK18+AM18+AO18+AQ18+AS18+AU18+AW18+AY18+BA18+BC18+BE18+BG18+BI18+BK18+BM18+BO18 -> 0 | BR18: =+F18+H18+J18+L18+N18+P18+R18+T18+V18+X18+Z18+AB18+AD18+AF18+AH18+AJ18+AL18+AN18+AP18+AR18+AT18+AV18+AX18+AZ18+BB18+BD18+BF18+BH18+BJ18+BL18+BN18+BP18 -> 0 | BS18: 1.92 | BT18: =+BS18*D18 -> 172.8 | BU18: 101000 | BV18: =+BU18*BT18 -> 17452800
B19: 48-6003-Điểm | C19: 19 | D19: =+C19+BQ19-BR19 -> 19 | BQ19: =+E19+G19+I19+K19+M19+O19+Q19+S19+U19+W19+Y19+AA19+AC19+AE19+AG19+AI19+AK19+AM19+AO19+AQ19+AS19+AU19+AW19+AY19+BA19+BC19+BE19+BG19+BI19+BK19+BM19+BO19 -> 0 | BR19: =+F19+H19+J19+L19+N19+P19+R19+T19+V19+X19+Z19+AB19+AD19+AF19+AH19+AJ19+AL19+AN19+AP19+AR19+AT19+AV19+AX19+AZ19+BB19+BD19+BF19+BH19+BJ19+BL19+BN19+BP19 -> 0 | BS19: 1.92 | BT19: =+BS19*D19 -> 36.48 | BU19: 106000 | BV19: =+BU19*BT19 -> 3866880
C20: 0 | D20: =+C20+BQ20-BR20 -> 0 | BQ20: =+E20+G20+I20+K20+M20+O20+Q20+S20+U20+W20+Y20+AA20+AC20+AE20+AG20+AI20+AK20+AM20+AO20+AQ20+AS20+AU20+AW20+AY20+BA20+BC20+BE20+BG20+BI20+BK20+BM20+BO20 -> 0 | BR20: =+F20+H20+J20+L20+N20+P20+R20+T20+V20+X20+Z20+AB20+AD20+AF20+AH20+AJ20+AL20+AN20+AP20+AR20+AT20+AV20+AX20+AZ20+BB20+BD20+BF20+BH20+BJ20+BL20+BN20+BP20 -> 0 | BS20: 1.92 | BT20: =+BS20*D20 -> 0 | BV20: =+BU20*BT20 -> 0
B21: 48-6007-Nhạt | C21: 187 | D21: =+C21+BQ21-BR21 -> 187 | BQ21: =+E21+G21+I21+K21+M21+O21+Q21+S21+U21+W21+Y21+AA21+AC21+AE21+AG21+AI21+AK21+AM21+AO21+AQ21+AS21+AU21+AW21+AY21+BA21+BC21+BE21+BG21+BI21+BK21+BM21+BO21 -> 0 | BR21: =+F21+H21+J21+L21+N21+P21+R21+T21+V21+X21+Z21+AB21+AD21+AF21+AH21+AJ21+AL21+AN21+AP21+AR21+AT21+AV21+AX21+AZ21+BB21+BD21+BF21+BH21+BJ21+BL21+BN21+BP21 -> 0 | BS21: 1.92 | BT21: =+BS21*D21 -> 359.04 | BU21: 101000 | BV21: =+BU21*BT21 -> 36263040
B22: 48-6007-Đậm | C22: 63.17 | D22: =+C22+BQ22-BR22 -> 63.17 | BQ22: =+E22+G22+I22+K22+M22+O22+Q22+S22+U22+W22+Y22+AA22+AC22+AE22+AG22+AI22+AK22+AM22+AO22+AQ22+AS22+AU22+AW22+AY22+BA22+BC22+BE22+BG22+BI22+BK22+BM22+BO22 -> 0 | BR22: =+F22+H22+J22+L22+N22+P22+R22+T22+V22+X22+Z22+AB22+AD22+AF22+AH22+AJ22+AL22+AN22+AP22+AR22+AT22+AV22+AX22+AZ22+BB22+BD22+BF22+BH22+BJ22+BL22+BN22+BP22 -> 0 | BS22: 1.92 | BT22: =+BS22*D22 -> 121.2864 | BU22: 106000 | BV22: =+BU22*BT22 -> 12856358
B23: 48-6007-Điểm | C23: 32.66 | D23: =+C23+BQ23-BR23 -> 32.66 | BQ23: =+E23+G23+I23+K23+M23+O23+Q23+S23+U23+W23+Y23+AA23+AC23+AE23+AG23+AI23+AK23+AM23+AO23+AQ23+AS23+AU23+AW23+AY23+BA23+BC23+BE23+BG23+BI23+BK23+BM23+BO23 -> 0 | BR23: =+F23+H23+J23+L23+N23+P23+R23+T23+V23+X23+Z23+AB23+AD23+AF23+AH23+AJ23+AL23+AN23+AP23+AR23+AT23+AV23+AX23+AZ23+BB23+BD23+BF23+BH23+BJ23+BL23+BN23+BP23 -> 0 | BS23: 1.92 | BT23: =+BS23*D23 -> 62.7072 | BU23: 106000 | BV23: =+BU23*BT23 -> 6646963.2
C24: 0 | D24: =+C24+BQ24-BR24 -> 0 | BQ24: =+E24+G24+I24+K24+M24+O24+Q24+S24+U24+W24+Y24+AA24+AC24+AE24+AG24+AI24+AK24+AM24+AO24+AQ24+AS24+AU24+AW24+AY24+BA24+BC24+BE24+BG24+BI24+BK24+BM24+BO24 -> 0 | BR24: =+F24+H24+J24+L24+N24+P24+R24+T24+V24+X24+Z24+AB24+AD24+AF24+AH24+AJ24+AL24+AN24+AP24+AR24+AT24+AV24+AX24+AZ24+BB24+BD24+BF24+BH24+BJ24+BL24+BN24+BP24 -> 0 | BS24: 1.92 | BT24: =+BS24*D24 -> 0 | BV24: =+BU24*BT24 -> 0
B25: 48-5004-Nhạt | C25: 71 | D25: =+C25+BQ25-BR25 -> 71 | BQ25: =+E25+G25+I25+K25+M25+O25+Q25+S25+U25+W25+Y25+AA25+AC25+AE25+AG25+AI25+AK25+AM25+AO25+AQ25+AS25+AU25+AW25+AY25+BA25+BC25+BE25+BG25+BI25+BK25+BM25+BO25 -> 0 | BR25: =+F25+H25+J25+L25+N25+P25+R25+T25+V25+X25+Z25+AB25+AD25+AF25+AH25+AJ25+AL25+AN25+AP25+AR25+AT25+AV25+AX25+AZ25+BB25+BD25+BF25+BH25+BJ25+BL25+BN25+BP25 -> 0 | BS25: 1.92 | BT25: =+BS25*D25 -> 136.32 | BU25: 101000 | BV25: =+BU25*BT25 -> 13768320
B26: 48-5004-Đậm | C26: 4 | D26: =+C26+BQ26-BR26 -> 4 | BQ26: =+E26+G26+I26+K26+M26+O26+Q26+S26+U26+W26+Y26+AA26+AC26+AE26+AG26+AI26+AK26+AM26+AO26+AQ26+AS26+AU26+AW26+AY26+BA26+BC26+BE26+BG26+BI26+BK26+BM26+BO26 -> 0 | BR26: =+F26+H26+J26+L26+N26+P26+R26+T26+V26+X26+Z26+AB26+AD26+AF26+AH26+AJ26+AL26+AN26+AP26+AR26+AT26+AV26+AX26+AZ26+BB26+BD26+BF26+BH26+BJ26+BL26+BN26+BP26 -> 0 | BS26: 1.92 | BT26: =+BS26*D26 -> 7.68 | BU26: 106000 | BV26: =+BU26*BT26 -> 814080
B27: 48-5004-Điểm | C27: 20 | D27: =+C27+BQ27-BR27 -> 9 | E27: 1 | F27: 12 | BQ27: =+E27+G27+I27+K27+M27+O27+Q27+S27+U27+W27+Y27+AA27+AC27+AE27+AG27+AI27+AK27+AM27+AO27+AQ27+AS27+AU27+AW27+AY27+BA27+BC27+BE27+BG27+BI27+BK27+BM27+BO27 -> 1 | BR27: =+F27+H27+J27+L27+N27+P27+R27+T27+V27+X27+Z27+AB27+AD27+AF27+AH27+AJ27+AL27+AN27+AP27+AR27+AT27+AV27+AX27+AZ27+BB27+BD27+BF27+BH27+BJ27+BL27+BN27+BP27 -> 12 | BS27: 1.92 | BT27: =+BS27*D27 -> 17.28 | BU27: 106000 | BV27: =+BU27*BT27 -> 1831680
BQ28: =+E28+G28+I28+K28+M28+O28+Q28+S28+U28+W28+Y28+AA28+AC28+AE28+AG28+AI28+AK28+AM28+AO28+AQ28+AS28+AU28+AW28+AY28+BA28+BC28+BE28+BG28+BI28+BK28+BM28+BO28 -> 0 | BR28: =+F28+H28+J28+L28+N28+P28+R28+T28+V28+X28+Z28+AB28+AD28+AF28+AH28+AJ28+AL28+AN28+AP28+AR28+AT28+AV28+AX28+AZ28+BB28+BD28+BF28+BH28+BJ28+BL28+BN28+BP28 -> 0 | BS28: 1.92 | BT28: =+BS28*D28 -> 0 | BV28: =+BU28*BT28 -> 0
A29: 40*80 SV | B29: 48-01 GO | C29: 41.33 | D29: =+C29+BQ29-BR29 -> 41.33 | BQ29: =+E29+G29+I29+K29+M29+O29+Q29+S29+U29+W29+Y29+AA29+AC29+AE29+AG29+AI29+AK29+AM29+AO29+AQ29+AS29+AU29+AW29+AY29+BA29+BC29+BE29+BG29+BI29+BK29+BM29+BO29 -> 0 | BR29: =+F29+H29+J29+L29+N29+P29+R29+T29+V29+X29+Z29+AB29+AD29+AF29+AH29+AJ29+AL29+AN29+AP29+AR29+AT29+AV29+AX29+AZ29+BB29+BD29+BF29+BH29+BJ29+BL29+BN29+BP29 -> 0 | BS29: 1.92 | BT29: =+BS29*D29 -> 79.3536 | BU29: 106000 | BV29: =+BU29*BT29 -> 8411481.6
B30: 48-02 GO | C30: 32 | D30: =+C30+BQ30-BR30 -> 32 | BQ30: =+E30+G30+I30+K30+M30+O30+Q30+S30+U30+W30+Y30+AA30+AC30+AE30+AG30+AI30+AK30+AM30+AO30+AQ30+AS30+AU30+AW30+AY30+BA30+BC30+BE30+BG30+BI30+BK30+BM30+BO30 -> 0 | BR30: =+F30+H30+J30+L30+N30+P30+R30+T30+V30+X30+Z30+AB30+AD30+AF30+AH30+AJ30+AL30+AN30+AP30+AR30+AT30+AV30+AX30+AZ30+BB30+BD30+BF30+BH30+BJ30+BL30+BN30+BP30 -> 0 | BS30: 1.92 | BT30: =+BS30*D30 -> 61.44 | BU30: 106000 | BV30: =+BU30*BT30 -> 6512640
C31: 0 | D31: =+C31+BQ31-BR31 -> 0 | BQ31: =+E31+G31+I31+K31+M31+O31+Q31+S31+U31+W31+Y31+AA31+AC31+AE31+AG31+AI31+AK31+AM31+AO31+AQ31+AS31+AU31+AW31+AY31+BA31+BC31+BE31+BG31+BI31+BK31+BM31+BO31 -> 0 | BR31: =+F31+H31+J31+L31+N31+P31+R31+T31+V31+X31+Z31+AB31+AD31+AF31+AH31+AJ31+AL31+AN31+AP31+AR31+AT31+AV31+AX31+AZ31+BB31+BD31+BF31+BH31+BJ31+BL31+BN31+BP31 -> 0 | BS31: 1.92 | BT31: =+BS31*D31 -> 0 | BV31: =+BU31*BT31 -> 0
A32: 50*50 LÁT NỀN | B32: 5-1001 | C32: 0.334 | D32: =+C32+BQ32-BR32 -> 0.334 | BQ32: =+E32+G32+I32+K32+M32+O32+Q32+S32+U32+W32+Y32+AA32+AC32+AE32+AG32+AI32+AK32+AM32+AO32+AQ32+AS32+AU32+AW32+AY32+BA32+BC32+BE32+BG32+BI32+BK32+BM32+BO32 -> 0 | BR32: =+F32+H32+J32+L32+N32+P32+R32+T32+V32+X32+Z32+AB32+AD32+AF32+AH32+AJ32+AL32+AN32+AP32+AR32+AT32+AV32+AX32+AZ32+BB32+BD32+BF32+BH32+BJ32+BL32+BN32+BP32 -> 0 | BS32: 1.5 | BT32: =+BS32*D32 -> 0.501 | BU32: 63000 | BV32: =+BU32*BT32 -> 31563
B33: 5-1002 | C33: -0.3 | D33: =+C33+BQ33-BR33 -> -0.3 | BQ33: =+E33+G33+I33+K33+M33+O33+Q33+S33+U33+W33+Y33+AA33+AC33+AE33+AG33+AI33+AK33+AM33+AO33+AQ33+AS33+AU33+AW33+AY33+BA33+BC33+BE33+BG33+BI33+BK33+BM33+BO33 -> 0 | BR33: =+F33+H33+J33+L33+N33+P33+R33+T33+V33+X33+Z33+AB33+AD33+AF33+AH33+AJ33+AL33+AN33+AP33+AR33+AT33+AV33+AX33+AZ33+BB33+BD33+BF33+BH33+BJ33+BL33+BN33+BP33 -> 0 | BS33: 1.5 | BT33: =+BS33*D33 -> -0.45 | BU33: 63000 | BV33: =+BU33*BT33 -> -28350
B34: 5-1004 | C34: 193.5 | D34: =+C34+BQ34-BR34 -> 183.5 | H34: 10 | BQ34: =+E34+G34+I34+K34+M34+O34+Q34+S34+U34+W34+Y34+AA34+AC34+AE34+AG34+AI34+AK34+AM34+AO34+AQ34+AS34+AU34+AW34+AY34+BA34+BC34+BE34+BG34+BI34+BK34+BM34+BO34 -> 0 | BR34: =+F34+H34+J34+L34+N34+P34+R34+T34+V34+X34+Z34+AB34+AD34+AF34+AH34+AJ34+AL34+AN34+AP34+AR34+AT34+AV34+AX34+AZ34+BB34+BD34+BF34+BH34+BJ34+BL34+BN34+BP34 -> 10 | BS34: 1.5 | BT34: =+BS34*D34 -> 275.25 | BU34: 63000 | BV34: =+BU34*BT34 -> 17340750
B35: 5-1012 | C35: 3 | D35: =+C35+BQ35-BR35 -> 3 | BQ35: =+E35+G35+I35+K35+M35+O35+Q35+S35+U35+W35+Y35+AA35+AC35+AE35+AG35+AI35+AK35+AM35+AO35+AQ35+AS35+AU35+AW35+AY35+BA35+BC35+BE35+BG35+BI35+BK35+BM35+BO35 -> 0 | BR35: =+F35+H35+J35+L35+N35+P35+R35+T35+V35+X35+Z35+AB35+AD35+AF35+AH35+AJ35+AL35+AN35+AP35+AR35+AT35+AV35+AX35+AZ35+BB35+BD35+BF35+BH35+BJ35+BL35+BN35+BP35 -> 0 | BS35: 1.5 | BT35: =+BS35*D35 -> 4.5 | BU35: 63000 | BV35: =+BU35*BT35 -> 283500
B36: 5-1501 | C36: 0.33 | D36: =+C36+BQ36-BR36 -> 0.33 | BQ36: =+E36+G36+I36+K36+M36+O36+Q36+S36+U36+W36+Y36+AA36+AC36+AE36+AG36+AI36+AK36+AM36+AO36+AQ36+AS36+AU36+AW36+AY36+BA36+BC36+BE36+BG36+BI36+BK36+BM36+BO36 -> 0 | BR36: =+F36+H36+J36+L36+N36+P36+R36+T36+V36+X36+Z36+AB36+AD36+AF36+AH36+AJ36+AL36+AN36+AP36+AR36+AT36+AV36+AX36+AZ36+BB36+BD36+BF36+BH36+BJ36+BL36+BN36+BP36 -> 0 | BS36: 1.5 | BT36: =+BS36*D36 -> 0.495 | BU36: 65000 | BV36: =+BU36*BT36 -> 32175
B37: 5-1007 | C37: 6.67 | D37: =+C37+BQ37-BR37 -> 6.67 | BQ37: =+E37+G37+I37+K37+M37+O37+Q37+S37+U37+W37+Y37+AA37+AC37+AE37+AG37+AI37+AK37+AM37+AO37+AQ37+AS37+AU37+AW37+AY37+BA37+BC37+BE37+BG37+BI37+BK37+BM37+BO37 -> 0 | BR37: =+F37+H37+J37+L37+N37+P37+R37+T37+V37+X37+Z37+AB37+AD37+AF37+AH37+AJ37+AL37+AN37+AP37+AR37+AT37+AV37+AX37+AZ37+BB37+BD37+BF37+BH37+BJ37+BL37+BN37+BP37 -> 0 | BS37: 1.5 | BT37: =+BS37*D37 -> 10.005 | BV37: =+BU37*BT37 -> 0
A38: 50*50 SÂN VƯỜN | B38: 5-1601 | C38: 22 | D38: =+C38+BQ38-BR38 -> 22 | BQ38: =+E38+G38+I38+K38+M38+O38+Q38+S38+U38+W38+Y38+AA38+AC38+AE38+AG38+AI38+AK38+AM38+AO38+AQ38+AS38+AU38+AW38+AY38+BA38+BC38+BE38+BG38+BI38+BK38+BM38+BO38 -> 0 | BR38: =+F38+H38+J38+L38+N38+P38+R38+T38+V38+X38+Z38+AB38+AD38+AF38+AH38+AJ38+AL38+AN38+AP38+AR38+AT38+AV38+AX38+AZ38+BB38+BD38+BF38+BH38+BJ38+BL38+BN38+BP38 -> 0 | BS38: 1.5 | BT38: =+BS38*D38 -> 33 | BU38: 65000 | BV38: =+BU38*BT38 -> 2145000
B39: 5-1602 | C39: 167 | D39: =+C39+BQ39-BR39 -> 167 | BQ39: =+E39+G39+I39+K39+M39+O39+Q39+S39+U39+W39+Y39+AA39+AC39+AE39+AG39+AI39+AK39+AM39+AO39+AQ39+AS39+AU39+AW39+AY39+BA39+BC39+BE39+BG39+BI39+BK39+BM39+BO39 -> 0 | BR39: =+F39+H39+J39+L39+N39+P39+R39+T39+V39+X39+Z39+AB39+AD39+AF39+AH39+AJ39+AL39+AN39+AP39+AR39+AT39+AV39+AX39+AZ39+BB39+BD39+BF39+BH39+BJ39+BL39+BN39+BP39 -> 0 | BS39: 1.5 | BT39: =+BS39*D39 -> 250.5 | BU39: 65000 | BV39: =+BU39*BT39 -> 16282500
B40: 5-1603 | C40: 204 | D40: =+C40+BQ40-BR40 -> 204 | BQ40: =+E40+G40+I40+K40+M40+O40+Q40+S40+U40+W40+Y40+AA40+AC40+AE40+AG40+AI40+AK40+AM40+AO40+AQ40+AS40+AU40+AW40+AY40+BA40+BC40+BE40+BG40+BI40+BK40+BM40+BO40 -> 0 | BR40: =+F40+H40+J40+L40+N40+P40+R40+T40+V40+X40+Z40+AB40+AD40+AF40+AH40+AJ40+AL40+AN40+AP40+AR40+AT40+AV40+AX40+AZ40+BB40+BD40+BF40+BH40+BJ40+BL40+BN40+BP40 -> 0 | BS40: 1.5 | BT40: =+BS40*D40 -> 306 | BU40: 65000 | BV40: =+BU40*BT40 -> 19890000
B41: 5-1323 | C41: 65 | D41: =+C41+BQ41-BR41 -> 65 | BQ41: =+E41+G41+I41+K41+M41+O41+Q41+S41+U41+W41+Y41+AA41+AC41+AE41+AG41+AI41+AK41+AM41+AO41+AQ41+AS41+AU41+AW41+AY41+BA41+BC41+BE41+BG41+BI41+BK41+BM41+BO41 -> 0 | BR41: =+F41+H41+J41+L41+N41+P41+R41+T41+V41+X41+Z41+AB41+AD41+AF41+AH41+AJ41+AL41+AN41+AP41+AR41+AT41+AV41+AX41+AZ41+BB41+BD41+BF41+BH41+BJ41+BL41+BN41+BP41 -> 0 | BS41: 1.5 | BT41: =+BS41*D41 -> 97.5 | BU41: 63000 | BV41: =+BU41*BT41 -> 6142500
B42: 5-1311 | C42: 47 | D42: =+C42+BQ42-BR42 -> 47 | BQ42: =+E42+G42+I42+K42+M42+O42+Q42+S42+U42+W42+Y42+AA42+AC42+AE42+AG42+AI42+AK42+AM42+AO42+AQ42+AS42+AU42+AW42+AY42+BA42+BC42+BE42+BG42+BI42+BK42+BM42+BO42 -> 0 | BR42: =+F42+H42+J42+L42+N42+P42+R42+T42+V42+X42+Z42+AB42+AD42+AF42+AH42+AJ42+AL42+AN42+AP42+AR42+AT42+AV42+AX42+AZ42+BB42+BD42+BF42+BH42+BJ42+BL42+BN42+BP42 -> 0 | BS42: 1.5 | BT42: =+BS42*D42 -> 70.5 | BU42: 63000 | BV42: =+BU42*BT42 -> 4441500
B43: 5-1312 | C43: 338 | D43: =+C43+BQ43-BR43 -> 338 | BQ43: =+E43+G43+I43+K43+M43+O43+Q43+S43+U43+W43+Y43+AA43+AC43+AE43+AG43+AI43+AK43+AM43+AO43+AQ43+AS43+AU43+AW43+AY43+BA43+BC43+BE43+BG43+BI43+BK43+BM43+BO43 -> 0 | BR43: =+F43+H43+J43+L43+N43+P43+R43+T43+V43+X43+Z43+AB43+AD43+AF43+AH43+AJ43+AL43+AN43+AP43+AR43+AT43+AV43+AX43+AZ43+BB43+BD43+BF43+BH43+BJ43+BL43+BN43+BP43 -> 0 | BS43: 1.5 | BT43: =+BS43*D43 -> 507 | BU43: 63000 | BV43: =+BU43*BT43 -> 31941000
C44: 0 | D44: =+C44+BQ44-BR44 -> 0 | BQ44: =+E44+G44+I44+K44+M44+O44+Q44+S44+U44+W44+Y44+AA44+AC44+AE44+AG44+AI44+AK44+AM44+AO44+AQ44+AS44+AU44+AW44+AY44+BA44+BC44+BE44+BG44+BI44+BK44+BM44+BO44 -> 0 | BR44: =+F44+H44+J44+L44+N44+P44+R44+T44+V44+X44+Z44+AB44+AD44+AF44+AH44+AJ44+AL44+AN44+AP44+AR44+AT44+AV44+AX44+AZ44+BB44+BD44+BF44+BH44+BJ44+BL44+BN44+BP44 -> 0 | BS44: 1.5 | BT44: =+BS44*D44 -> 0 | BV44: =+BU44*BT44 -> 0
A45: 60*60 CERAMIC | B45: 6-1001 | C45: 293.75 | D45: =+C45+BQ45-BR45 -> 293.75 | BQ45: =+E45+G45+I45+K45+M45+O45+Q45+S45+U45+W45+Y45+AA45+AC45+AE45+AG45+AI45+AK45+AM45+AO45+AQ45+AS45+AU45+AW45+AY45+BA45+BC45+BE45+BG45+BI45+BK45+BM45+BO45 -> 0 | BR45: =+F45+H45+J45+L45+N45+P45+R45+T45+V45+X45+Z45+AB45+AD45+AF45+AH45+AJ45+AL45+AN45+AP45+AR45+AT45+AV45+AX45+AZ45+BB45+BD45+BF45+BH45+BJ45+BL45+BN45+BP45 -> 0 | BS45: 1.44 | BT45: =+BS45*D45 -> 423 | BU45: 72000 | BV45: =+BU45*BT45 -> 30456000
B46: 6-1012 | C46: 218 | D46: =+C46+BQ46-BR46 -> 213 | L46: 5 | BQ46: =+E46+G46+I46+K46+M46+O46+Q46+S46+U46+W46+Y46+AA46+AC46+AE46+AG46+AI46+AK46+AM46+AO46+AQ46+AS46+AU46+AW46+AY46+BA46+BC46+BE46+BG46+BI46+BK46+BM46+BO46 -> 0 | BR46: =+F46+H46+J46+L46+N46+P46+R46+T46+V46+X46+Z46+AB46+AD46+AF46+AH46+AJ46+AL46+AN46+AP46+AR46+AT46+AV46+AX46+AZ46+BB46+BD46+BF46+BH46+BJ46+BL46+BN46+BP46 -> 5 | BS46: 1.44 | BT46: =+BS46*D46 -> 306.72 | BU46: 72000 | BV46: =+BU46*BT46 -> 22083840
B47: 6-1016 | C47: 20.25 | D47: =+C47+BQ47-BR47 -> 15.25 | H47: 5 | BQ47: =+E47+G47+I47+K47+M47+O47+Q47+S47+U47+W47+Y47+AA47+AC47+AE47+AG47+AI47+AK47+AM47+AO47+AQ47+AS47+AU47+AW47+AY47+BA47+BC47+BE47+BG47+BI47+BK47+BM47+BO47 -> 0 | BR47: =+F47+H47+J47+L47+N47+P47+R47+T47+V47+X47+Z47+AB47+AD47+AF47+AH47+AJ47+AL47+AN47+AP47+AR47+AT47+AV47+AX47+AZ47+BB47+BD47+BF47+BH47+BJ47+BL47+BN47+BP47 -> 5 | BS47: 1.44 | BT47: =+BS47*D47 -> 21.96 | BU47: 72000 | BV47: =+BU47*BT47 -> 1581120
B48: 6-1019 | C48: 14 | D48: =+C48+BQ48-BR48 -> 14 | BQ48: =+E48+G48+I48+K48+M48+O48+Q48+S48+U48+W48+Y48+AA48+AC48+AE48+AG48+AI48+AK48+AM48+AO48+AQ48+AS48+AU48+AW48+AY48+BA48+BC48+BE48+BG48+BI48+BK48+BM48+BO48 -> 0 | BR48: =+F48+H48+J48+L48+N48+P48+R48+T48+V48+X48+Z48+AB48+AD48+AF48+AH48+AJ48+AL48+AN48+AP48+AR48+AT48+AV48+AX48+AZ48+BB48+BD48+BF48+BH48+BJ48+BL48+BN48+BP48 -> 0 | BS48: 1.44 | BT48: =+BS48*D48 -> 20.16 | BU48: 72000 | BV48: =+BU48*BT48 -> 1451520
B49: 6-1020 | C49: 42 | D49: =+C49+BQ49-BR49 -> 42 | BQ49: =+E49+G49+I49+K49+M49+O49+Q49+S49+U49+W49+Y49+AA49+AC49+AE49+AG49+AI49+AK49+AM49+AO49+AQ49+AS49+AU49+AW49+AY49+BA49+BC49+BE49+BG49+BI49+BK49+BM49+BO49 -> 0 | BR49: =+F49+H49+J49+L49+N49+P49+R49+T49+V49+X49+Z49+AB49+AD49+AF49+AH49+AJ49+AL49+AN49+AP49+AR49+AT49+AV49+AX49+AZ49+BB49+BD49+BF49+BH49+BJ49+BL49+BN49+BP49 -> 0 | BS49: 1.44 | BT49: =+BS49*D49 -> 60.48 | BU49: 72000 | BV49: =+BU49*BT49 -> 4354560
B50: 6-1021 | C50: 12 | D50: =+C50+BQ50-BR50 -> 12 | BQ50: =+E50+G50+I50+K50+M50+O50+Q50+S50+U50+W50+Y50+AA50+AC50+AE50+AG50+AI50+AK50+AM50+AO50+AQ50+AS50+AU50+AW50+AY50+BA50+BC50+BE50+BG50+BI50+BK50+BM50+BO50 -> 0 | BR50: =+F50+H50+J50+L50+N50+P50+R50+T50+V50+X50+Z50+AB50+AD50+AF50+AH50+AJ50+AL50+AN50+AP50+AR50+AT50+AV50+AX50+AZ50+BB50+BD50+BF50+BH50+BJ50+BL50+BN50+BP50 -> 0 | BS50: 1.44 | BT50: =+BS50*D50 -> 17.28 | BU50: 72000 | BV50: =+BU50*BT50 -> 1244160
B51: 6-1022 | C51: 25 | D51: =+C51+BQ51-BR51 -> 25 | BQ51: =+E51+G51+I51+K51+M51+O51+Q51+S51+U51+W51+Y51+AA51+AC51+AE51+AG51+AI51+AK51+AM51+AO51+AQ51+AS51+AU51+AW51+AY51+BA51+BC51+BE51+BG51+BI51+BK51+BM51+BO51 -> 0 | BR51: =+F51+H51+J51+L51+N51+P51+R51+T51+V51+X51+Z51+AB51+AD51+AF51+AH51+AJ51+AL51+AN51+AP51+AR51+AT51+AV51+AX51+AZ51+BB51+BD51+BF51+BH51+BJ51+BL51+BN51+BP51 -> 0 | BS51: 1.44 | BT51: =+BS51*D51 -> 36 | BU51: 72000 | BV51: =+BU51*BT51 -> 2592000
B52: 6-1501- Gỗ mát | C52: 163 | D52: =+C52+BQ52-BR52 -> 163 | BQ52: =+E52+G52+I52+K52+M52+O52+Q52+S52+U52+W52+Y52+AA52+AC52+AE52+AG52+AI52+AK52+AM52+AO52+AQ52+AS52+AU52+AW52+AY52+BA52+BC52+BE52+BG52+BI52+BK52+BM52+BO52 -> 0 | BR52: =+F52+H52+J52+L52+N52+P52+R52+T52+V52+X52+Z52+AB52+AD52+AF52+AH52+AJ52+AL52+AN52+AP52+AR52+AT52+AV52+AX52+AZ52+BB52+BD52+BF52+BH52+BJ52+BL52+BN52+BP52 -> 0 | BS52: 1.44 | BT52: =+BS52*D52 -> 234.72 | BU52: 74000 | BV52: =+BU52*BT52 -> 17369280
B53: 6-1502- Gỗ mát | C53: 156.75 | D53: =+C53+BQ53-BR53 -> 132.75 | L53: 24 | BQ53: =+E53+G53+I53+K53+M53+O53+Q53+S53+U53+W53+Y53+AA53+AC53+AE53+AG53+AI53+AK53+AM53+AO53+AQ53+AS53+AU53+AW53+AY53+BA53+BC53+BE53+BG53+BI53+BK53+BM53+BO53 -> 0 | BR53: =+F53+H53+J53+L53+N53+P53+R53+T53+V53+X53+Z53+AB53+AD53+AF53+AH53+AJ53+AL53+AN53+AP53+AR53+AT53+AV53+AX53+AZ53+BB53+BD53+BF53+BH53+BJ53+BL53+BN53+BP53 -> 24 | BS53: 1.44 | BT53: =+BS53*D53 -> 191.16 | BU53: 74000 | BV53: =+BU53*BT53 -> 14145840
B54: 6-1304-men đường | C54: 62 | D54: =+C54+BQ54-BR54 -> 62 | BQ54: =+E54+G54+I54+K54+M54+O54+Q54+S54+U54+W54+Y54+AA54+AC54+AE54+AG54+AI54+AK54+AM54+AO54+AQ54+AS54+AU54+AW54+AY54+BA54+BC54+BE54+BG54+BI54+BK54+BM54+BO54 -> 0 | BR54: =+F54+H54+J54+L54+N54+P54+R54+T54+V54+X54+Z54+AB54+AD54+AF54+AH54+AJ54+AL54+AN54+AP54+AR54+AT54+AV54+AX54+AZ54+BB54+BD54+BF54+BH54+BJ54+BL54+BN54+BP54 -> 0 | BS54: 1.44 | BT54: =+BS54*D54 -> 89.28 | BU54: 80000 | BV54: =+BU54*BT54 -> 7142400
B55: 6-1013-đen vân | C55: 79 | D55: =+C55+BQ55-BR55 -> 79 | BQ55: =+E55+G55+I55+K55+M55+O55+Q55+S55+U55+W55+Y55+AA55+AC55+AE55+AG55+AI55+AK55+AM55+AO55+AQ55+AS55+AU55+AW55+AY55+BA55+BC55+BE55+BG55+BI55+BK55+BM55+BO55 -> 0 | BR55: =+F55+H55+J55+L55+N55+P55+R55+T55+V55+X55+Z55+AB55+AD55+AF55+AH55+AJ55+AL55+AN55+AP55+AR55+AT55+AV55+AX55+AZ55+BB55+BD55+BF55+BH55+BJ55+BL55+BN55+BP55 -> 0 | BS55: 1.44 | BT55: =+BS55*D55 -> 113.76 | BU55: 86000 | BV55: =+BU55*BT55 -> 9783360
C56: 0 | D56: =+C56+BQ56-BR56 -> 0 | BQ56: =+E56+G56+I56+K56+M56+O56+Q56+S56+U56+W56+Y56+AA56+AC56+AE56+AG56+AI56+AK56+AM56+AO56+AQ56+AS56+AU56+AW56+AY56+BA56+BC56+BE56+BG56+BI56+BK56+BM56+BO56 -> 0 | BR56: =+F56+H56+J56+L56+N56+P56+R56+T56+V56+X56+Z56+AB56+AD56+AF56+AH56+AJ56+AL56+AN56+AP56+AR56+AT56+AV56+AX56+AZ56+BB56+BD56+BF56+BH56+BJ56+BL56+BN56+BP56 -> 0 | BT56: =+BS56*D56 -> 0 | BV56: =+BU56*BT56 -> 0
A57: 60*60 BÁN SỨ | B57: 6-6001 | C57: 52.75 | D57: =+C57+BQ57-BR57 -> 51.75 | P57: 1 | BQ57: =+E57+G57+I57+K57+M57+O57+Q57+S57+U57+W57+Y57+AA57+AC57+AE57+AG57+AI57+AK57+AM57+AO57+AQ57+AS57+AU57+AW57+AY57+BA57+BC57+BE57+BG57+BI57+BK57+BM57+BO57 -> 0 | BR57: =+F57+H57+J57+L57+N57+P57+R57+T57+V57+X57+Z57+AB57+AD57+AF57+AH57+AJ57+AL57+AN57+AP57+AR57+AT57+AV57+AX57+AZ57+BB57+BD57+BF57+BH57+BJ57+BL57+BN57+BP57 -> 1 | BS57: 1.44 | BT57: =+BS57*D57 -> 74.52 | BU57: 93500 | BV57: =+BU57*BT57 -> 6967620
B58: 6-6007 | C58: 270 | D58: =+C58+BQ58-BR58 -> 263 | J58: 6 | N58: 1 | BQ58: =+E58+G58+I58+K58+M58+O58+Q58+S58+U58+W58+Y58+AA58+AC58+AE58+AG58+AI58+AK58+AM58+AO58+AQ58+AS58+AU58+AW58+AY58+BA58+BC58+BE58+BG58+BI58+BK58+BM58+BO58 -> 0 | BR58: =+F58+H58+J58+L58+N58+P58+R58+T58+V58+X58+Z58+AB58+AD58+AF58+AH58+AJ58+AL58+AN58+AP58+AR58+AT58+AV58+AX58+AZ58+BB58+BD58+BF58+BH58+BJ58+BL58+BN58+BP58 -> 7 | BS58: 1.44 | BT58: =+BS58*D58 -> 378.72 | BU58: 92000 | BV58: =+BU58*BT58 -> 34842240
B59: 6-6022 | C59: 300 | D59: =+C59+BQ59-BR59 -> 300 | BQ59: =+E59+G59+I59+K59+M59+O59+Q59+S59+U59+W59+Y59+AA59+AC59+AE59+AG59+AI59+AK59+AM59+AO59+AQ59+AS59+AU59+AW59+AY59+BA59+BC59+BE59+BG59+BI59+BK59+BM59+BO59 -> 0 | BR59: =+F59+H59+J59+L59+N59+P59+R59+T59+V59+X59+Z59+AB59+AD59+AF59+AH59+AJ59+AL59+AN59+AP59+AR59+AT59+AV59+AX59+AZ59+BB59+BD59+BF59+BH59+BJ59+BL59+BN59+BP59 -> 0 | BS59: 1.44 | BT59: =+BS59*D59 -> 432 | BU59: 92000 | BV59: =+BU59*BT59 -> 39744000
B60: 6-6030 | C60: 33 | D60: =+C60+BQ60-BR60 -> 33 | BQ60: =+E60+G60+I60+K60+M60+O60+Q60+S60+U60+W60+Y60+AA60+AC60+AE60+AG60+AI60+AK60+AM60+AO60+AQ60+AS60+AU60+AW60+AY60+BA60+BC60+BE60+BG60+BI60+BK60+BM60+BO60 -> 0 | BR60: =+F60+H60+J60+L60+N60+P60+R60+T60+V60+X60+Z60+AB60+AD60+AF60+AH60+AJ60+AL60+AN60+AP60+AR60+AT60+AV60+AX60+AZ60+BB60+BD60+BF60+BH60+BJ60+BL60+BN60+BP60 -> 0 | BS60: 1.44 | BT60: =+BS60*D60 -> 47.52 | BU60: 92000 | BV60: =+BU60*BT60 -> 4371840
B61: 6-6030 A2 | C61: 36 | D61: =+C61+BQ61-BR61 -> 36 | BQ61: =+E61+G61+I61+K61+M61+O61+Q61+S61+U61+W61+Y61+AA61+AC61+AE61+AG61+AI61+AK61+AM61+AO61+AQ61+AS61+AU61+AW61+AY61+BA61+BC61+BE61+BG61+BI61+BK61+BM61+BO61 -> 0 | BR61: =+F61+H61+J61+L61+N61+P61+R61+T61+V61+X61+Z61+AB61+AD61+AF61+AH61+AJ61+AL61+AN61+AP61+AR61+AT61+AV61+AX61+AZ61+BB61+BD61+BF61+BH61+BJ61+BL61+BN61+BP61 -> 0 | BS61: 1.44 | BT61: =+BS61*D61 -> 51.84 | BU61: 77000 | BV61: =+BU61*BT61 -> 3991680
B62: 6-6031 | C62: 65.5 | D62: =+C62+BQ62-BR62 -> 65.5 | BQ62: =+E62+G62+I62+K62+M62+O62+Q62+S62+U62+W62+Y62+AA62+AC62+AE62+AG62+AI62+AK62+AM62+AO62+AQ62+AS62+AU62+AW62+AY62+BA62+BC62+BE62+BG62+BI62+BK62+BM62+BO62 -> 0 | BR62: =+F62+H62+J62+L62+N62+P62+R62+T62+V62+X62+Z62+AB62+AD62+AF62+AH62+AJ62+AL62+AN62+AP62+AR62+AT62+AV62+AX62+AZ62+BB62+BD62+BF62+BH62+BJ62+BL62+BN62+BP62 -> 0 | BS62: 1.44 | BT62: =+BS62*D62 -> 94.32 | BU62: 92000 | BV62: =+BU62*BT62 -> 8677440
B63: 6-6031 A2 | C63: 40 | D63: =+C63+BQ63-BR63 -> 40 | BQ63: =+E63+G63+I63+K63+M63+O63+Q63+S63+U63+W63+Y63+AA63+AC63+AE63+AG63+AI63+AK63+AM63+AO63+AQ63+AS63+AU63+AW63+AY63+BA63+BC63+BE63+BG63+BI63+BK63+BM63+BO63 -> 0 | BR63: =+F63+H63+J63+L63+N63+P63+R63+T63+V63+X63+Z63+AB63+AD63+AF63+AH63+AJ63+AL63+AN63+AP63+AR63+AT63+AV63+AX63+AZ63+BB63+BD63+BF63+BH63+BJ63+BL63+BN63+BP63 -> 0 | BS63: 1.44 | BT63: =+BS63*D63 -> 57.6 | BU63: 77000 | BV63: =+BU63*BT63 -> 4435200
B64: 6-6036 | C64: 146 | D64: =+C64+BQ64-BR64 -> 146 | BQ64: =+E64+G64+I64+K64+M64+O64+Q64+S64+U64+W64+Y64+AA64+AC64+AE64+AG64+AI64+AK64+AM64+AO64+AQ64+AS64+AU64+AW64+AY64+BA64+BC64+BE64+BG64+BI64+BK64+BM64+BO64 -> 0 | BR64: =+F64+H64+J64+L64+N64+P64+R64+T64+V64+X64+Z64+AB64+AD64+AF64+AH64+AJ64+AL64+AN64+AP64+AR64+AT64+AV64+AX64+AZ64+BB64+BD64+BF64+BH64+BJ64+BL64+BN64+BP64 -> 0 | BS64: 1.44 | BT64: =+BS64*D64 -> 210.24 | BU64: 92000 | BV64: =+BU64*BT64 -> 19342080
B65: 6-6037 | C65: 21.25 | D65: =+C65+BQ65-BR65 -> 21.25 | BQ65: =+E65+G65+I65+K65+M65+O65+Q65+S65+U65+W65+Y65+AA65+AC65+AE65+AG65+AI65+AK65+AM65+AO65+AQ65+AS65+AU65+AW65+AY65+BA65+BC65+BE65+BG65+BI65+BK65+BM65+BO65 -> 0 | BR65: =+F65+H65+J65+L65+N65+P65+R65+T65+V65+X65+Z65+AB65+AD65+AF65+AH65+AJ65+AL65+AN65+AP65+AR65+AT65+AV65+AX65+AZ65+BB65+BD65+BF65+BH65+BJ65+BL65+BN65+BP65 -> 0 | BS65: 1.44 | BT65: =+BS65*D65 -> 30.6 | BU65: 97000 | BV65: =+BU65*BT65 -> 2968200
B66: 6-6038 | C66: 137 | D66: =+C66+BQ66-BR66 -> 137 | BQ66: =+E66+G66+I66+K66+M66+O66+Q66+S66+U66+W66+Y66+AA66+AC66+AE66+AG66+AI66+AK66+AM66+AO66+AQ66+AS66+AU66+AW66+AY66+BA66+BC66+BE66+BG66+BI66+BK66+BM66+BO66 -> 0 | BR66: =+F66+H66+J66+L66+N66+P66+R66+T66+V66+X66+Z66+AB66+AD66+AF66+AH66+AJ66+AL66+AN66+AP66+AR66+AT66+AV66+AX66+AZ66+BB66+BD66+BF66+BH66+BJ66+BL66+BN66+BP66 -> 0 | BS66: 1.44 | BT66: =+BS66*D66 -> 197.28 | BU66: 92000 | BV66: =+BU66*BT66 -> 18149760
B67: 6-6040 | C67: 192.75 | D67: =+C67+BQ67-BR67 -> 192.75 | BQ67: =+E67+G67+I67+K67+M67+O67+Q67+S67+U67+W67+Y67+AA67+AC67+AE67+AG67+AI67+AK67+AM67+AO67+AQ67+AS67+AU67+AW67+AY67+BA67+BC67+BE67+BG67+BI67+BK67+BM67+BO67 -> 0 | BR67: =+F67+H67+J67+L67+N67+P67+R67+T67+V67+X67+Z67+AB67+AD67+AF67+AH67+AJ67+AL67+AN67+AP67+AR67+AT67+AV67+AX67+AZ67+BB67+BD67+BF67+BH67+BJ67+BL67+BN67+BP67 -> 0 | BS67: 1.44 | BT67: =+BS67*D67 -> 277.56 | BU67: 97000 | BV67: =+BU67*BT67 -> 26923320
B68: 6-6040 A2 | C68: 11 | D68: =+C68+BQ68-BR68 -> 11 | BQ68: =+E68+G68+I68+K68+M68+O68+Q68+S68+U68+W68+Y68+AA68+AC68+AE68+AG68+AI68+AK68+AM68+AO68+AQ68+AS68+AU68+AW68+AY68+BA68+BC68+BE68+BG68+BI68+BK68+BM68+BO68 -> 0 | BR68: =+F68+H68+J68+L68+N68+P68+R68+T68+V68+X68+Z68+AB68+AD68+AF68+AH68+AJ68+AL68+AN68+AP68+AR68+AT68+AV68+AX68+AZ68+BB68+BD68+BF68+BH68+BJ68+BL68+BN68+BP68 -> 0 | BS68: 1.44 | BT68: =+BS68*D68 -> 15.84 | BU68: 82000 | BV68: =+BU68*BT68 -> 1298880
B69: 6-6041 | C69: 190 | D69: =+C69+BQ69-BR69 -> 190 | BQ69: =+E69+G69+I69+K69+M69+O69+Q69+S69+U69+W69+Y69+AA69+AC69+AE69+AG69+AI69+AK69+AM69+AO69+AQ69+AS69+AU69+AW69+AY69+BA69+BC69+BE69+BG69+BI69+BK69+BM69+BO69 -> 0 | BR69: =+F69+H69+J69+L69+N69+P69+R69+T69+V69+X69+Z69+AB69+AD69+AF69+AH69+AJ69+AL69+AN69+AP69+AR69+AT69+AV69+AX69+AZ69+BB69+BD69+BF69+BH69+BJ69+BL69+BN69+BP69 -> 0 | BS69: 1.44 | BT69: =+BS69*D69 -> 273.6 | BU69: 97000 | BV69: =+BU69*BT69 -> 26539200
B70: 6-6042 | C70: 228 | D70: =+C70+BQ70-BR70 -> 228 | BQ70: =+E70+G70+I70+K70+M70+O70+Q70+S70+U70+W70+Y70+AA70+AC70+AE70+AG70+AI70+AK70+AM70+AO70+AQ70+AS70+AU70+AW70+AY70+BA70+BC70+BE70+BG70+BI70+BK70+BM70+BO70 -> 0 | BR70: =+F70+H70+J70+L70+N70+P70+R70+T70+V70+X70+Z70+AB70+AD70+AF70+AH70+AJ70+AL70+AN70+AP70+AR70+AT70+AV70+AX70+AZ70+BB70+BD70+BF70+BH70+BJ70+BL70+BN70+BP70 -> 0 | BS70: 1.44 | BT70: =+BS70*D70 -> 328.32 | BU70: 97000 | BV70: =+BU70*BT70 -> 31847040
... B79: 6-6400 A3 | C79: 171 | D79: =+C79+BQ79-BR79 -> 171 | BQ79: =+E79+G79+I79+K79+M79+O79+Q79+S79+U79+W79+Y79+AA79+AC79+AE79+AG79+AI79+AK79+AM79+AO79+AQ79+AS79+AU79+AW79+AY79+BA79+BC79+BE79+BG79+BI79+BK79+BM79+BO79 -> 0 | BR79: =+F79+H79+J79+L79+N79+P79+R79+T79+V79+X79+Z79+AB79+AD79+AF79+AH79+AJ79+AL79+AN79+AP79+AR79+AT79+AV79+AX79+AZ79+BB79+BD79+BF79+BH79+BJ79+BL79+BN79+BP79 -> 0 | BS79: 1.44 | BT79: =+BS79*D79 -> 246.24 | BU79: 104000 | BV79: =+BU79*BT79 -> 25608960
B80: 6-6016 | C80: 0 | D80: =+C80+BQ80-BR80 -> 0 | BQ80: =+E80+G80+I80+K80+M80+O80+Q80+S80+U80+W80+Y80+AA80+AC80+AE80+AG80+AI80+AK80+AM80+AO80+AQ80+AS80+AU80+AW80+AY80+BA80+BC80+BE80+BG80+BI80+BK80+BM80+BO80 -> 0 | BR80: =+F80+H80+J80+L80+N80+P80+R80+T80+V80+X80+Z80+AB80+AD80+AF80+AH80+AJ80+AL80+AN80+AP80+AR80+AT80+AV80+AX80+AZ80+BB80+BD80+BF80+BH80+BJ80+BL80+BN80+BP80 -> 0 | BS80: 1.44 | BT80: =+BS80*D80 -> 0 | BV80: =+BU80*BT80 -> 0
A81: 80*80 BÁN SỨ | B81: 8-6003 A2 | C81: 10 | D81: =+C81+BQ81-BR81 -> 10 | BQ81: =+E81+G81+I81+K81+M81+O81+Q81+S81+U81+W81+Y81+AA81+AC81+AE81+AG81+AI81+AK81+AM81+AO81+AQ81+AS81+AU81+AW81+AY81+BA81+BC81+BE81+BG81+BI81+BK81+BM81+BO81 -> 0 | BR81: =+F81+H81+J81+L81+N81+P81+R81+T81+V81+X81+Z81+AB81+AD81+AF81+AH81+AJ81+AL81+AN81+AP81+AR81+AT81+AV81+AX81+AZ81+BB81+BD81+BF81+BH81+BJ81+BL81+BN81+BP81 -> 0 | BS81: 1.92 | BT81: =+BS81*D81 -> 19.2 | BU81: 86000 | BV81: =+BU81*BT81 -> 1651200
B82: 8-6004 | C82: 10 | D82: =+C82+BQ82-BR82 -> 10 | BQ82: =+E82+G82+I82+K82+M82+O82+Q82+S82+U82+W82+Y82+AA82+AC82+AE82+AG82+AI82+AK82+AM82+AO82+AQ82+AS82+AU82+AW82+AY82+BA82+BC82+BE82+BG82+BI82+BK82+BM82+BO82 -> 0 | BR82: =+F82+H82+J82+L82+N82+P82+R82+T82+V82+X82+Z82+AB82+AD82+AF82+AH82+AJ82+AL82+AN82+AP82+AR82+AT82+AV82+AX82+AZ82+BB82+BD82+BF82+BH82+BJ82+BL82+BN82+BP82 -> 0 | BS82: 1.92 | BT82: =+BS82*D82 -> 19.2 | BU82: 106000 | BV82: =+BU82*BT82 -> 2035200
B83: 8-6010 | C83: 12 | D83: =+C83+BQ83-BR83 -> 12 | BQ83: =+E83+G83+I83+K83+M83+O83+Q83+S83+U83+W83+Y83+AA83+AC83+AE83+AG83+AI83+AK83+AM83+AO83+AQ83+AS83+AU83+AW83+AY83+BA83+BC83+BE83+BG83+BI83+BK83+BM83+BO83 -> 0 | BR83: =+F83+H83+J83+L83+N83+P83+R83+T83+V83+X83+Z83+AB83+AD83+AF83+AH83+AJ83+AL83+AN83+AP83+AR83+AT83+AV83+AX83+AZ83+BB83+BD83+BF83+BH83+BJ83+BL83+BN83+BP83 -> 0 | BS83: 1.92 | BT83: =+BS83*D83 -> 23.04 | BU83: 106000 | BV83: =+BU83*BT83 -> 2442240
B84: 8-6017 | C84: 8 | D84: =+C84+BQ84-BR84 -> 8 | BQ84: =+E84+G84+I84+K84+M84+O84+Q84+S84+U84+W84+Y84+AA84+AC84+AE84+AG84+AI84+AK84+AM84+AO84+AQ84+AS84+AU84+AW84+AY84+BA84+BC84+BE84+BG84+BI84+BK84+BM84+BO84 -> 0 | BR84: =+F84+H84+J84+L84+N84+P84+R84+T84+V84+X84+Z84+AB84+AD84+AF84+AH84+AJ84+AL84+AN84+AP84+AR84+AT84+AV84+AX84+AZ84+BB84+BD84+BF84+BH84+BJ84+BL84+BN84+BP84 -> 0 | BS84: 1.92 | BT84: =+BS84*D84 -> 15.36 | BU84: 111000 | BV84: =+BU84*BT84 -> 1704960
B85: 8-6019 | C85: 26 | D85: =+C85+BQ85-BR85 -> 26 | BQ85: =+E85+G85+I85+K85+M85+O85+Q85+S85+U85+W85+Y85+AA85+AC85+AE85+AG85+AI85+AK85+AM85+AO85+AQ85+AS85+AU85+AW85+AY85+BA85+BC85+BE85+BG85+BI85+BK85+BM85+BO85 -> 0 | BR85: =+F85+H85+J85+L85+N85+P85+R85+T85+V85+X85+Z85+AB85+AD85+AF85+AH85+AJ85+AL85+AN85+AP85+AR85+AT85+AV85+AX85+AZ85+BB85+BD85+BF85+BH85+BJ85+BL85+BN85+BP85 -> 0 | BS85: 1.92 | BT85: =+BS85*D85 -> 49.92 | BU85: 106000 | BV85: =+BU85*BT85 -> 5291520
B86: 8-6021 | C86: 154 | D86: =+C86+BQ86-BR86 -> 154 | BQ86: =+E86+G86+I86+K86+M86+O86+Q86+S86+U86+W86+Y86+AA86+AC86+AE86+AG86+AI86+AK86+AM86+AO86+AQ86+AS86+AU86+AW86+AY86+BA86+BC86+BE86+BG86+BI86+BK86+BM86+BO86 -> 0 | BR86: =+F86+H86+J86+L86+N86+P86+R86+T86+V86+X86+Z86+AB86+AD86+AF86+AH86+AJ86+AL86+AN86+AP86+AR86+AT86+AV86+AX86+AZ86+BB86+BD86+BF86+BH86+BJ86+BL86+BN86+BP86 -> 0 | BS86: 1.92 | BT86: =+BS86*D86 -> 295.68 | BU86: 106000 | BV86: =+BU86*BT86 -> 31342080
B87: 8-6029 | C87: 16.33 | D87: =+C87+BQ87-BR87 -> 16.33 | BQ87: =+E87+G87+I87+K87+M87+O87+Q87+S87+U87+W87+Y87+AA87+AC87+AE87+AG87+AI87+AK87+AM87+AO87+AQ87+AS87+AU87+AW87+AY87+BA87+BC87+BE87+BG87+BI87+BK87+BM87+BO87 -> 0 | BR87: =+F87+H87+J87+L87+N87+P87+R87+T87+V87+X87+Z87+AB87+AD87+AF87+AH87+AJ87+AL87+AN87+AP87+AR87+AT87+AV87+AX87+AZ87+BB87+BD87+BF87+BH87+BJ87+BL87+BN87+BP87 -> 0 | BS87: 1.92 | BT87: =+BS87*D87 -> 31.3536 | BU87: 111000 | BV87: =+BU87*BT87 -> 3480249.6
B88: 8-6031 | C88: 15 | D88: =+C88+BQ88-BR88 -> 15 | BQ88: =+E88+G88+I88+K88+M88+O88+Q88+S88+U88+W88+Y88+AA88+AC88+AE88+AG88+AI88+AK88+AM88+AO88+AQ88+AS88+AU88+AW88+AY88+BA88+BC88+BE88+BG88+BI88+BK88+BM88+BO88 -> 0 | BR88: =+F88+H88+J88+L88+N88+P88+R88+T88+V88+X88+Z88+AB88+AD88+AF88+AH88+AJ88+AL88+AN88+AP88+AR88+AT88+AV88+AX88+AZ88+BB88+BD88+BF88+BH88+BJ88+BL88+BN88+BP88 -> 0 | BS88: 1.92 | BT88: =+BS88*D88 -> 28.8 | BU88: 106000 | BV88: =+BU88*BT88 -> 3052800
B89: 8-6035 | C89: 27 | D89: =+C89+BQ89-BR89 -> 27 | BQ89: =+E89+G89+I89+K89+M89+O89+Q89+S89+U89+W89+Y89+AA89+AC89+AE89+AG89+AI89+AK89+AM89+AO89+AQ89+AS89+AU89+AW89+AY89+BA89+BC89+BE89+BG89+BI89+BK89+BM89+BO89 -> 0 | BR89: =+F89+H89+J89+L89+N89+P89+R89+T89+V89+X89+Z89+AB89+AD89+AF89+AH89+AJ89+AL89+AN89+AP89+AR89+AT89+AV89+AX89+AZ89+BB89+BD89+BF89+BH89+BJ89+BL89+BN89+BP89 -> 0 | BS89: 1.92 | BT89: =+BS89*D89 -> 51.84 | BU89: 106000 | BV89: =+BU89*BT89 -> 5495040
B90: 8-6036 | C90: 177 | D90: =+C90+BQ90-BR90 -> 177 | BQ90: =+E90+G90+I90+K90+M90+O90+Q90+S90+U90+W90+Y90+AA90+AC90+AE90+AG90+AI90+AK90+AM90+AO90+AQ90+AS90+AU90+AW90+AY90+BA90+BC90+BE90+BG90+BI90+BK90+BM90+BO90 -> 0 | BR90: =+F90+H90+J90+L90+N90+P90+R90+T90+V90+X90+Z90+AB90+AD90+AF90+AH90+AJ90+AL90+AN90+AP90+AR90+AT90+AV90+AX90+AZ90+BB90+BD90+BF90+BH90+BJ90+BL90+BN90+BP90 -> 0 | BS90: 1.92 | BT90: =+BS90*D90 -> 339.84 | BU90: 106000 | BV90: =+BU90*BT90 -> 36023040
B91: 8-6037 | C91: 22 | D91: =+C91+BQ91-BR91 -> 22 | BQ91: =+E91+G91+I91+K91+M91+O91+Q91+S91+U91+W91+Y91+AA91+AC91+AE91+AG91+AI91+AK91+AM91+AO91+AQ91+AS91+AU91+AW91+AY91+BA91+BC91+BE91+BG91+BI91+BK91+BM91+BO91 -> 0 | BR91: =+F91+H91+J91+L91+N91+P91+R91+T91+V91+X91+Z91+AB91+AD91+AF91+AH91+AJ91+AL91+AN91+AP91+AR91+AT91+AV91+AX91+AZ91+BB91+BD91+BF91+BH91+BJ91+BL91+BN91+BP91 -> 0 | BS91: 1.92 | BT91: =+BS91*D91 -> 42.24 | BU91: 111000 | BV91: =+BU91*BT91 -> 4688640
B92: 8-6038 | C92: 10 | D92: =+C92+BQ92-BR92 -> 6 | N92: 4 | BQ92: =+E92+G92+I92+K92+M92+O92+Q92+S92+U92+W92+Y92+AA92+AC92+AE92+AG92+AI92+AK92+AM92+AO92+AQ92+AS92+AU92+AW92+AY92+BA92+BC92+BE92+BG92+BI92+BK92+BM92+BO92 -> 0 | BR92: =+F92+H92+J92+L92+N92+P92+R92+T92+V92+X92+Z92+AB92+AD92+AF92+AH92+AJ92+AL92+AN92+AP92+AR92+AT92+AV92+AX92+AZ92+BB92+BD92+BF92+BH92+BJ92+BL92+BN92+BP92 -> 4 | BS92: 1.92 | BT92: =+BS92*D92 -> 11.52 | BU92: 106000 | BV92: =+BU92*BT92 -> 1221120
B93: 8-6039 | C93: 11 | D93: =+C93+BQ93-BR93 -> 11 | BQ93: =+E93+G93+I93+K93+M93+O93+Q93+S93+U93+W93+Y93+AA93+AC93+AE93+AG93+AI93+AK93+AM93+AO93+AQ93+AS93+AU93+AW93+AY93+BA93+BC93+BE93+BG93+BI93+BK93+BM93+BO93 -> 0 | BR93: =+F93+H93+J93+L93+N93+P93+R93+T93+V93+X93+Z93+AB93+AD93+AF93+AH93+AJ93+AL93+AN93+AP93+AR93+AT93+AV93+AX93+AZ93+BB93+BD93+BF93+BH93+BJ93+BL93+BN93+BP93 -> 0 | BS93: 1.92 | BT93: =+BS93*D93 -> 21.12 | BU93: 106000 | BV93: =+BU93*BT93 -> 2238720
B94: 8-6040 | C94: 121.33 | D94: =+C94+BQ94-BR94 -> 118.33 | H94: 3 | BQ94: =+E94+G94+I94+K94+M94+O94+Q94+S94+U94+W94+Y94+AA94+AC94+AE94+AG94+AI94+AK94+AM94+AO94+AQ94+AS94+AU94+AW94+AY94+BA94+BC94+BE94+BG94+BI94+BK94+BM94+BO94 -> 0 | BR94: =+F94+H94+J94+L94+N94+P94+R94+T94+V94+X94+Z94+AB94+AD94+AF94+AH94+AJ94+AL94+AN94+AP94+AR94+AT94+AV94+AX94+AZ94+BB94+BD94+BF94+BH94+BJ94+BL94+BN94+BP94 -> 3 | BS94: 1.92 | BT94: =+BS94*D94 -> 227.1936 | BU94: 111000 | BV94: =+BU94*BT94 -> 25218490
B95: 8-6041 | C95: 45 | D95: =+C95+BQ95-BR95 -> 45 | BQ95: =+E95+G95+I95+K95+M95+O95+Q95+S95+U95+W95+Y95+AA95+AC95+AE95+AG95+AI95+AK95+AM95+AO95+AQ95+AS95+AU95+AW95+AY95+BA95+BC95+BE95+BG95+BI95+BK95+BM95+BO95 -> 0 | BR95: =+F95+H95+J95+L95+N95+P95+R95+T95+V95+X95+Z95+AB95+AD95+AF95+AH95+AJ95+AL95+AN95+AP95+AR95+AT95+AV95+AX95+AZ95+BB95+BD95+BF95+BH95+BJ95+BL95+BN95+BP95 -> 0 | BS95: 1.92 | BT95: =+BS95*D95 -> 86.4 | BU95: 111000 | BV95: =+BU95*BT95 -> 9590400
B96: 8-6042 | C96: 10 | D96: =+C96+BQ96-BR96 -> 10 | BQ96: =+E96+G96+I96+K96+M96+O96+Q96+S96+U96+W96+Y96+AA96+AC96+AE96+AG96+AI96+AK96+AM96+AO96+AQ96+AS96+AU96+AW96+AY96+BA96+BC96+BE96+BG96+BI96+BK96+BM96+BO96 -> 0 | BR96: =+F96+H96+J96+L96+N96+P96+R96+T96+V96+X96+Z96+AB96+AD96+AF96+AH96+AJ96+AL96+AN96+AP96+AR96+AT96+AV96+AX96+AZ96+BB96+BD96+BF96+BH96+BJ96+BL96+BN96+BP96 -> 0 | BS96: 1.92 | BT96: =+BS96*D96 -> 19.2 | BU96: 111000 | BV96: =+BU96*BT96 -> 2131200
B97: 8-6042 A2 | C97: 5 | D97: =+C97+BQ97-BR97 -> 5 | BQ97: =+E97+G97+I97+K97+M97+O97+Q97+S97+U97+W97+Y97+AA97+AC97+AE97+AG97+AI97+AK97+AM97+AO97+AQ97+AS97+AU97+AW97+AY97+BA97+BC97+BE97+BG97+BI97+BK97+BM97+BO97 -> 0 | BR97: =+F97+H97+J97+L97+N97+P97+R97+T97+V97+X97+Z97+AB97+AD97+AF97+AH97+AJ97+AL97+AN97+AP97+AR97+AT97+AV97+AX97+AZ97+BB97+BD97+BF97+BH97+BJ97+BL97+BN97+BP97 -> 0 | BS97: 1.92 | BT97: =+BS97*D97 -> 9.6 | BU97: 86000 | BV97: =+BU97*BT97 -> 825600
B98: 8-6043 | C98: 48 | D98: =+C98+BQ98-BR98 -> 48 | BQ98: =+E98+G98+I98+K98+M98+O98+Q98+S98+U98+W98+Y98+AA98+AC98+AE98+AG98+AI98+AK98+AM98+AO98+AQ98+AS98+AU98+AW98+AY98+BA98+BC98+BE98+BG98+BI98+BK98+BM98+BO98 -> 0 | BR98: =+F98+H98+J98+L98+N98+P98+R98+T98+V98+X98+Z98+AB98+AD98+AF98+AH98+AJ98+AL98+AN98+AP98+AR98+AT98+AV98+AX98+AZ98+BB98+BD98+BF98+BH98+BJ98+BL98+BN98+BP98 -> 0 | BS98: 1.92 | BT98: =+BS98*D98 -> 92.16 | BU98: 111000 | BV98: =+BU98*BT98 -> 10229760
B99: 8-6045 | C99: 162.03 | D99: =+C99+BQ99-BR99 -> 162.03 | BQ99: =+E99+G99+I99+K99+M99+O99+Q99+S99+U99+W99+Y99+AA99+AC99+AE99+AG99+AI99+AK99+AM99+AO99+AQ99+AS99+AU99+AW99+AY99+BA99+BC99+BE99+BG99+BI99+BK99+BM99+BO99 -> 0 | BR99: =+F99+H99+J99+L99+N99+P99+R99+T99+V99+X99+Z99+AB99+AD99+AF99+AH99+AJ99+AL99+AN99+AP99+AR99+AT99+AV99+AX99+AZ99+BB99+BD99+BF99+BH99+BJ99+BL99+BN99+BP99 -> 0 | BS99: 1.92 | BT99: =+BS99*D99 -> 311.0976 | BU99: 106000 | BV99: =+BU99*BT99 -> 32976346
B100: 8-6045 a2 | C100: 186 | D100: =+C100+BQ100-BR100 -> 186 | BQ100: =+E100+G100+I100+K100+M100+O100+Q100+S100+U100+W100+Y100+AA100+AC100+AE100+AG100+AI100+AK100+AM100+AO100+AQ100+AS100+AU100+AW100+AY100+BA100+BC100+BE100+BG100+BI100+BK100+BM100+BO100 -> 0 | BR100: =+F100+H100+J100+L100+N100+P100+R100+T100+V100+X100+Z100+AB100+AD100+AF100+AH100+AJ100+AL100+AN100+AP100+AR100+AT100+AV100+AX100+AZ100+BB100+BD100+BF100+BH100+BJ100+BL100+BN100+BP100 -> 0 | BS100: 1.92 | BT100: =+BS100*D100 -> 357.12 | BU100: 86000 | BV100: =+BU100*BT100 -> 30712320
B101: 8-6047 | C101: 2 | D101: =+C101+BQ101-BR101 -> 2 | BQ101: =+E101+G101+I101+K101+M101+O101+Q101+S101+U101+W101+Y101+AA101+AC101+AE101+AG101+AI101+AK101+AM101+AO101+AQ101+AS101+AU101+AW101+AY101+BA101+BC101+BE101+BG101+BI101+BK101+BM101+BO101 -> 0 | BR101: =+F101+H101+J101+L101+N101+P101+R101+T101+V101+X101+Z101+AB101+AD101+AF101+AH101+AJ101+AL101+AN101+AP101+AR101+AT101+AV101+AX101+AZ101+BB101+BD101+BF101+BH101+BJ101+BL101+BN101+BP101 -> 0 | BS101: 1.92 | BT101: =+BS101*D101 -> 3.84 | BU101: 111000 | BV101: =+BU101*BT101 -> 426240
B102: 8-601-vt | C102: 93 | D102: =+C102+BQ102-BR102 -> 34 | H102: =52+7 -> 59 | BQ102: =+E102+G102+I102+K102+M102+O102+Q102+S102+U102+W102+Y102+AA102+AC102+AE102+AG102+AI102+AK102+AM102+AO102+AQ102+AS102+AU102+AW102+AY102+BA102+BC102+BE102+BG102+BI102+BK102+BM102+BO102 -> 0 | BR102: =+F102+H102+J102+L102+N102+P102+R102+T102+V102+X102+Z102+AB102+AD102+AF102+AH102+AJ102+AL102+AN102+AP102+AR102+AT102+AV102+AX102+AZ102+BB102+BD102+BF102+BH102+BJ102+BL102+BN102+BP102 -> 59 | BS102: 1.92 | BT102: =+BS102*D102 -> 65.28 | BU102: 111000 | BV102: =+BU102*BT102 -> 7246080
B103: 8-6200 | C103: 20.7 | D103: =+C103+BQ103-BR103 -> 20.7 | BQ103: =+E103+G103+I103+K103+M103+O103+Q103+S103+U103+W103+Y103+AA103+AC103+AE103+AG103+AI103+AK103+AM103+AO103+AQ103+AS103+AU103+AW103+AY103+BA103+BC103+BE103+BG103+BI103+BK103+BM103+BO103 -> 0 | BR103: =+F103+H103+J103+L103+N103+P103+R103+T103+V103+X103+Z103+AB103+AD103+AF103+AH103+AJ103+AL103+AN103+AP103+AR103+AT103+AV103+AX103+AZ103+BB103+BD103+BF103+BH103+BJ103+BL103+BN103+BP103 -> 0 | BS103: 1.92 | BT103: =+BS103*D103 -> 39.744 | BU103: 138000 | BV103: =+BU103*BT103 -> 5484672
B104: 8-6041 a2 | C104: 0 | D104: =+C104+BQ104-BR104 -> 0 | BQ104: =+E104+G104+I104+K104+M104+O104+Q104+S104+U104+W104+Y104+AA104+AC104+AE104+AG104+AI104+AK104+AM104+AO104+AQ104+AS104+AU104+AW104+AY104+BA104+BC104+BE104+BG104+BI104+BK104+BM104+BO104 -> 0 | BR104: =+F104+H104+J104+L104+N104+P104+R104+T104+V104+X104+Z104+AB104+AD104+AF104+AH104+AJ104+AL104+AN104+AP104+AR104+AT104+AV104+AX104+AZ104+BB104+BD104+BF104+BH104+BJ104+BL104+BN104+BP104 -> 0 | BS104: 1.92 | BT104: =+BS104*D104 -> 0 | BV104: =+BU104*BT104 -> 0
A105: 60*120 | B105: MN612.510 A1-mát-57(3.1.26) | C105: 93 | D105: =+C105+BQ105-BR105 -> 93 | BQ105: =+E105+G105+I105+K105+M105+O105+Q105+S105+U105+W105+Y105+AA105+AC105+AE105+AG105+AI105+AK105+AM105+AO105+AQ105+AS105+AU105+AW105+AY105+BA105+BC105+BE105+BG105+BI105+BK105+BM105+BO105 -> 0 | BR105: =+F105+H105+J105+L105+N105+P105+R105+T105+V105+X105+Z105+AB105+AD105+AF105+AH105+AJ105+AL105+AN105+AP105+AR105+AT105+AV105+AX105+AZ105+BB105+BD105+BF105+BH105+BJ105+BL105+BN105+BP105 -> 0 | BS105: 2.16 | BT105: =+BS105*D105 -> 200.88 | BU105: 145000 | BV105: =+BU105*BT105 -> 29127600
B106: MN612.616 A1-bóng-55(24.11.24) | C106: 136 | D106: =+C106+BQ106-BR106 -> 136 | BQ106: =+E106+G106+I106+K106+M106+O106+Q106+S106+U106+W106+Y106+AA106+AC106+AE106+AG106+AI106+AK106+AM106+AO106+AQ106+AS106+AU106+AW106+AY106+BA106+BC106+BE106+BG106+BI106+BK106+BM106+BO106 -> 0 | BR106: =+F106+H106+J106+L106+N106+P106+R106+T106+V106+X106+Z106+AB106+AD106+AF106+AH106+AJ106+AL106+AN106+AP106+AR106+AT106+AV106+AX106+AZ106+BB106+BD106+BF106+BH106+BJ106+BL106+BN106+BP106 -> 0 | BS106: 2.16 | BT106: =+BS106*D106 -> 293.76 | BU106: 140000 | BV106: =+BU106*BT106 -> 41126400
B107: MN612.618 A1-bóng-Đ58(3.3.26) | C107: 121 | D107: =+C107+BQ107-BR107 -> 121 | BQ107: =+E107+G107+I107+K107+M107+O107+Q107+S107+U107+W107+Y107+AA107+AC107+AE107+AG107+AI107+AK107+AM107+AO107+AQ107+AS107+AU107+AW107+AY107+BA107+BC107+BE107+BG107+BI107+BK107+BM107+BO107 -> 0 | BR107: =+F107+H107+J107+L107+N107+P107+R107+T107+V107+X107+Z107+AB107+AD107+AF107+AH107+AJ107+AL107+AN107+AP107+AR107+AT107+AV107+AX107+AZ107+BB107+BD107+BF107+BH107+BJ107+BL107+BN107+BP107 -> 0 | BS107: 2.16 | BT107: =+BS107*D107 -> 261.36 | BU107: 140000 | BV107: =+BU107*BT107 -> 36590400
C108: 0 | D108: =+C108+BQ108-BR108 -> 0 | BQ108: =+E108+G108+I108+K108+M108+O108+Q108+S108+U108+W108+Y108+AA108+AC108+AE108+AG108+AI108+AK108+AM108+AO108+AQ108+AS108+AU108+AW108+AY108+BA108+BC108+BE108+BG108+BI108+BK108+BM108+BO108 -> 0 | BR108: =+F108+H108+J108+L108+N108+P108+R108+T108+V108+X108+Z108+AB108+AD108+AF108+AH108+AJ108+AL108+AN108+AP108+AR108+AT108+AV108+AX108+AZ108+BB108+BD108+BF108+BH108+BJ108+BL108+BN108+BP108 -> 0 | BT108: =+BS108*D108 -> 0 | BV108: =+BU108*BT108 -> 0
...

Sheet RA+AD
B1: MÃ SP | C1: TỒN CK 30.6.2026 | D1: TỒN HIỆN TẠI T7.2026 | E1: 1 | G1: =1+E1 -> 2 | I1: =1+G1 -> 3 | K1: =1+I1 -> 4 | M1: =1+K1 -> 5 | O1: =1+M1 -> 6 | Q1: =1+O1 -> 7 | S1: =1+Q1 -> 8 | U1: =1+S1 -> 9 | W1: =1+U1 -> 10 | Y1: =1+W1 -> 11 | AA1: =1+Y1 -> 12 | AC1: =1+AA1 -> 13 | AE1: =1+AC1 -> 14 | AG1: =1+AE1 -> 15 | AI1: =1+AG1 -> 16 | AK1: =1+AI1 -> 17 | AM1: =1+AK1 -> 18 | AO1: =1+AM1 -> 19 | AQ1: =1+AO1 -> 20 | AS1: =1+AQ1 -> 21 | AU1: =1+AS1 -> 22 | AW1: =1+AU1 -> 23 | AY1: =1+AW1 -> 24 | BA1: =1+AY1 -> 25 | BC1: =1+BA1 -> 26 | BE1: =1+BC1 -> 27 | BG1: =1+BE1 -> 28 | BI1: =1+BG1 -> 29 | BK1: =1+BI1 -> 30 | BM1: =1+BK1 -> 31 | BO1: Thiếu thừa chưa ro nguyên nhân | BQ1: TỔNG | BS1: M2/H | BT1: QUY M2 | BU1: ĐƠN GIÁ | BV1: THÀNH TIỀN
E2: N | F2: X | G2: N | H2: X | I2: N | J2: X | K2: N | L2: X | M2: N | N2: X | O2: N | P2: X | Q2: N | R2: X | S2: N | T2: X | U2: N | V2: X | W2: N | X2: X | Y2: N | Z2: X | AA2: N | AB2: X | AC2: N | AD2: X | AE2: N | AF2: X | AG2: N | AH2: X | AI2: N | AJ2: X | AK2: N | AL2: X | AM2: N | AN2: X | AO2: N | AP2: X | AQ2: N | AR2: X | AS2: N | AT2: X | AU2: N | AV2: X | AW2: N | AX2: X | AY2: N | AZ2: X | BA2: N | BB2: X | BC2: N | BD2: X | BE2: N | BF2: X | BG2: N | BH2: X | BI2: N | BJ2: X | BK2: N | BL2: X | BM2: N | BN2: X | BO2: N | BP2: X | BQ2: N | BR2: X | BS2: 27.96 | BT2: 1466.88 | BV2: 175791138
A3: TỔNG TỒN | C3: =SUM(C5:C31) -> 1197.03 | D3: =SUM(D5:D31) -> 1297.03 | E3: =SUM(E6:E248) -> 0 | F3: =SUM(F6:F248) -> 7 | G3: =SUM(G6:G248) -> 0 | H3: =SUM(H6:H248) -> 0 | I3: =SUM(I6:I248) -> 0 | J3: =SUM(J6:J248) -> 0 | K3: =SUM(K6:K248) -> 0 | L3: =SUM(L6:L248) -> 0 | ... BP3: =SUM(BP6:BP248) -> 0 | BQ3: =+E3+G3+I3+K3+M3+O3+Q3+S3+U3+W3+Y3+AA3+AC3+AE3+AG3+AI3+AK3+AM3+AO3+AQ3+AS3+AU3+AW3+AY3+BA3+BC3+BE3+BG3+BI3+BK3+BM3+BO3 -> 260 | BR3: =+F3+H3+J3+L3+N3+P3+R3+T3+V3+X3+Z3+AB3+AD3+AF3+AH3+AJ3+AL3+AN3+AP3+AR3+AT3+AV3+AX3+AZ3+BB3+BD3+BF3+BH3+BJ3+BL3+BN3+BP3 -> 160
BQ4: =+E4+G4+I4+K4+M4+O4+Q4+S4+U4+W4+Y4+AA4+AC4+AE4+AG4+AI4+AK4+AM4+AO4+AQ4+AS4+AU4+AW4+AY4+BA4+BC4+BE4+BG4+BI4+BK4+BM4+BO4 -> 0 | BR4: =+F4+H4+J4+L4+N4+P4+R4+T4+V4+X4+Z4+AB4+AD4+AF4+AH4+AJ4+AL4+AN4+AP4+AR4+AT4+AV4+AX4+AZ4+BB4+BD4+BF4+BH4+BJ4+BL4+BN4+BP4 -> 0
A5: ROYAL | BQ5: =+E5+G5+I5+K5+M5+O5+Q5+S5+U5+W5+Y5+AA5+AC5+AE5+AG5+AI5+AK5+AM5+AO5+AQ5+AS5+AU5+AW5+AY5+BA5+BC5+BE5+BG5+BI5+BK5+BM5+BO5 -> 0 | BR5: =+F5+H5+J5+L5+N5+P5+R5+T5+V5+X5+Z5+AB5+AD5+AF5+AH5+AJ5+AL5+AN5+AP5+AR5+AT5+AV5+AX5+AZ5+BB5+BD5+BF5+BH5+BJ5+BL5+BN5+BP5 -> 0
A6: 50 SV | B6: DP514 | C6: 58.7 | D6: =+C6+BQ6-BR6 -> 58.7 | BQ6: =+E6+G6+I6+K6+M6+O6+Q6+S6+U6+W6+Y6+AA6+AC6+AE6+AG6+AI6+AK6+AM6+AO6+AQ6+AS6+AU6+AW6+AY6+BA6+BC6+BE6+BG6+BI6+BK6+BM6+BO6 -> 0 | BR6: =+F6+H6+J6+L6+N6+P6+R6+T6+V6+X6+Z6+AB6+AD6+AF6+AH6+AJ6+AL6+AN6+AP6+AR6+AT6+AV6+AX6+AZ6+BB6+BD6+BF6+BH6+BJ6+BL6+BN6+BP6 -> 0 | BS6: 1.5 | BT6: =+D6*BS6 -> 88.05 | BU6: 68400 | BV6: =+BU6*BT6 -> 6022620
B7: DP515 | C7: 476.33 | D7: =+C7+BQ7-BR7 -> 476.33 | BQ7: =+E7+G7+I7+K7+M7+O7+Q7+S7+U7+W7+Y7+AA7+AC7+AE7+AG7+AI7+AK7+AM7+AO7+AQ7+AS7+AU7+AW7+AY7+BA7+BC7+BE7+BG7+BI7+BK7+BM7+BO7 -> 0 | BR7: =+F7+H7+J7+L7+N7+P7+R7+T7+V7+X7+Z7+AB7+AD7+AF7+AH7+AJ7+AL7+AN7+AP7+AR7+AT7+AV7+AX7+AZ7+BB7+BD7+BF7+BH7+BJ7+BL7+BN7+BP7 -> 0 | BS7: 1.5 | BT7: =+D7*BS7 -> 714.495 | BU7: 68400 | BV7: =+BU7*BT7 -> 48871458
B8: DP518 | C8: 16 | D8: =+C8+BQ8-BR8 -> 16 | BQ8: =+E8+G8+I8+K8+M8+O8+Q8+S8+U8+W8+Y8+AA8+AC8+AE8+AG8+AI8+AK8+AM8+AO8+AQ8+AS8+AU8+AW8+AY8+BA8+BC8+BE8+BG8+BI8+BK8+BM8+BO8 -> 0 | BR8: =+F8+H8+J8+L8+N8+P8+R8+T8+V8+X8+Z8+AB8+AD8+AF8+AH8+AJ8+AL8+AN8+AP8+AR8+AT8+AV8+AX8+AZ8+BB8+BD8+BF8+BH8+BJ8+BL8+BN8+BP8 -> 0 | BS8: 1.5 | BT8: =+D8*BS8 -> 24 | BU8: 68400 | BV8: =+BU8*BT8 -> 1641600
C9: 0 | D9: =+C9+BQ9-BR9 -> 0 | BQ9: =+E9+G9+I9+K9+M9+O9+Q9+S9+U9+W9+Y9+AA9+AC9+AE9+AG9+AI9+AK9+AM9+AO9+AQ9+AS9+AU9+AW9+AY9+BA9+BC9+BE9+BG9+BI9+BK9+BM9+BO9 -> 0 | BR9: =+F9+H9+J9+L9+N9+P9+R9+T9+V9+X9+Z9+AB9+AD9+AF9+AH9+AJ9+AL9+AN9+AP9+AR9+AT9+AV9+AX9+AZ9+BB9+BD9+BF9+BH9+BJ9+BL9+BN9+BP9 -> 0 | BT9: =+D9*BS9 -> 0 | BV9: =+BU9*BT9 -> 0
A10: 30*60 SV | B10: BS3601-P | C10: 12 | D10: =+C10+BQ10-BR10 -> 12 | BQ10: =+E10+G10+I10+K10+M10+O10+Q10+S10+U10+W10+Y10+AA10+AC10+AE10+AG10+AI10+AK10+AM10+AO10+AQ10+AS10+AU10+AW10+AY10+BA10+BC10+BE10+BG10+BI10+BK10+BM10+BO10 -> 0 | BR10: =+F10+H10+J10+L10+N10+P10+R10+T10+V10+X10+Z10+AB10+AD10+AF10+AH10+AJ10+AL10+AN10+AP10+AR10+AT10+AV10+AX10+AZ10+BB10+BD10+BF10+BH10+BJ10+BL10+BN10+BP10 -> 0 | BS10: 1.44 | BT10: =+D10*BS10 -> 17.28 | BU10: 99000 | BV10: =+BU10*BT10 -> 1710720
B11: BS3605-DH | C11: 32 | D11: =+C11+BQ11-BR11 -> 32 | BQ11: =+E11+G11+I11+K11+M11+O11+Q11+S11+U11+W11+Y11+AA11+AC11+AE11+AG11+AI11+AK11+AM11+AO11+AQ11+AS11+AU11+AW11+AY11+BA11+BC11+BE11+BG11+BI11+BK11+BM11+BO11 -> 0 | BR11: =+F11+H11+J11+L11+N11+P11+R11+T11+V11+X11+Z11+AB11+AD11+AF11+AH11+AJ11+AL11+AN11+AP11+AR11+AT11+AV11+AX11+AZ11+BB11+BD11+BF11+BH11+BJ11+BL11+BN11+BP11 -> 0 | BS11: 1.44 | BT11: =+D11*BS11 -> 46.08 | BU11: 99400 | BV11: =+BU11*BT11 -> 4580352
A12: 60*60 BS | B12: TP602 | C12: 57 | D12: =+C12+BQ12-BR12 -> 56 | AD12: 1 | BQ12: =+E12+G12+I12+K12+M12+O12+Q12+S12+U12+W12+Y12+AA12+AC12+AE12+AG12+AI12+AK12+AM12+AO12+AQ12+AS12+AU12+AW12+AY12+BA12+BC12+BE12+BG12+BI12+BK12+BM12+BO12 -> 0 | BR12: =+F12+H12+J12+L12+N12+P12+R12+T12+V12+X12+Z12+AB12+AD12+AF12+AH12+AJ12+AL12+AN12+AP12+AR12+AT12+AV12+AX12+AZ12+BB12+BD12+BF12+BH12+BJ12+BL12+BN12+BP12 -> 1 | BS12: 1.44 | BT12: =+D12*BS12 -> 80.64 | BU12: 86400 | BV12: =+BU12*BT12 -> 6967296
C13: 0 | D13: =+C13+BQ13-BR13 -> 0 | BQ13: =+E13+G13+I13+K13+M13+O13+Q13+S13+U13+W13+Y13+AA13+AC13+AE13+AG13+AI13+AK13+AM13+AO13+AQ13+AS13+AU13+AW13+AY13+BA13+BC13+BE13+BG13+BI13+BK13+BM13+BO13 -> 0 | BR13: =+F13+H13+J13+L13+N13+P13+R13+T13+V13+X13+Z13+AB13+AD13+AF13+AH13+AJ13+AL13+AN13+AP13+AR13+AT13+AV13+AX13+AZ13+BB13+BD13+BF13+BH13+BJ13+BL13+BN13+BP13 -> 0 | BT13: =+D13*BS13 -> 0 | BV13: =+BU13*BT13 -> 0
A14: ẤN ĐỘ | C14: 0 | D14: =+C14+BQ14-BR14 -> 0 | BQ14: =+E14+G14+I14+K14+M14+O14+Q14+S14+U14+W14+Y14+AA14+AC14+AE14+AG14+AI14+AK14+AM14+AO14+AQ14+AS14+AU14+AW14+AY14+BA14+BC14+BE14+BG14+BI14+BK14+BM14+BO14 -> 0 | BR14: =+F14+H14+J14+L14+N14+P14+R14+T14+V14+X14+Z14+AB14+AD14+AF14+AH14+AJ14+AL14+AN14+AP14+AR14+AT14+AV14+AX14+AZ14+BB14+BD14+BF14+BH14+BJ14+BL14+BN14+BP14 -> 0 | BT14: =+D14*BS14 -> 0 | BV14: =+BU14*BT14 -> 0
A15: 20*120 | B15: LIMBER | C15: 3 | D15: =+C15+BQ15-BR15 -> 3 | BQ15: =+E15+G15+I15+K15+M15+O15+Q15+S15+U15+W15+Y15+AA15+AC15+AE15+AG15+AI15+AK15+AM15+AO15+AQ15+AS15+AU15+AW15+AY15+BA15+BC15+BE15+BG15+BI15+BK15+BM15+BO15 -> 0 | BR15: =+F15+H15+J15+L15+N15+P15+R15+T15+V15+X15+Z15+AB15+AD15+AF15+AH15+AJ15+AL15+AN15+AP15+AR15+AT15+AV15+AX15+AZ15+BB15+BD15+BF15+BH15+BJ15+BL15+BN15+BP15 -> 0 | BS15: 1.2 | BT15: =+D15*BS15 -> 3.6 | BU15: 236000 | BV15: =+BU15*BT15 -> 849600
B16: CAFÉ | C16: 55 | D16: =+C16+BQ16-BR16 -> 55 | BQ16: =+E16+G16+I16+K16+M16+O16+Q16+S16+U16+W16+Y16+AA16+AC16+AE16+AG16+AI16+AK16+AM16+AO16+AQ16+AS16+AU16+AW16+AY16+BA16+BC16+BE16+BG16+BI16+BK16+BM16+BO16 -> 0 | BR16: =+F16+H16+J16+L16+N16+P16+R16+T16+V16+X16+Z16+AB16+AD16+AF16+AH16+AJ16+AL16+AN16+AP16+AR16+AT16+AV16+AX16+AZ16+BB16+BD16+BF16+BH16+BJ16+BL16+BN16+BP16 -> 0 | BS16: 1.2 | BT16: =+D16*BS16 -> 66 | BU16: 236000 | BV16: =+BU16*BT16 -> 15576000
B17: APRICOT | C17: 69 | D17: =+C17+BQ17-BR17 -> 69 | BQ17: =+E17+G17+I17+K17+M17+O17+Q17+S17+U17+W17+Y17+AA17+AC17+AE17+AG17+AI17+AK17+AM17+AO17+AQ17+AS17+AU17+AW17+AY17+BA17+BC17+BE17+BG17+BI17+BK17+BM17+BO17 -> 0 | BR17: =+F17+H17+J17+L17+N17+P17+R17+T17+V17+X17+Z17+AB17+AD17+AF17+AH17+AJ17+AL17+AN17+AP17+AR17+AT17+AV17+AX17+AZ17+BB17+BD17+BF17+BH17+BJ17+BL17+BN17+BP17 -> 0 | BS17: 1.2 | BT17: =+D17*BS17 -> 82.8 | BU17: 236000 | BV17: =+BU17*BT17 -> 19540800
B18: LIFE | C18: 63 | D18: =+C18+BQ18-BR18 -> 63 | BQ18: =+E18+G18+I18+K18+M18+O18+Q18+S18+U18+W18+Y18+AA18+AC18+AE18+AG18+AI18+AK18+AM18+AO18+AQ18+AS18+AU18+AW18+AY18+BA18+BC18+BE18+BG18+BI18+BK18+BM18+BO18 -> 0 | BR18: =+F18+H18+J18+L18+N18+P18+R18+T18+V18+X18+Z18+AB18+AD18+AF18+AH18+AJ18+AL18+AN18+AP18+AR18+AT18+AV18+AX18+AZ18+BB18+BD18+BF18+BH18+BJ18+BL18+BN18+BP18 -> 0 | BS18: 1.2 | BT18: =+D18*BS18 -> 75.6 | BU18: 236000 | BV18: =+BU18*BT18 -> 17841600
C19: 0 | D19: =+C19+BQ19-BR19 -> 0 | BQ19: =+E19+G19+I19+K19+M19+O19+Q19+S19+U19+W19+Y19+AA19+AC19+AE19+AG19+AI19+AK19+AM19+AO19+AQ19+AS19+AU19+AW19+AY19+BA19+BC19+BE19+BG19+BI19+BK19+BM19+BO19 -> 0 | BR19: =+F19+H19+J19+L19+N19+P19+R19+T19+V19+X19+Z19+AB19+AD19+AF19+AH19+AJ19+AL19+AN19+AP19+AR19+AT19+AV19+AX19+AZ19+BB19+BD19+BF19+BH19+BJ19+BL19+BN19+BP19 -> 0 | BT19: =+D19*BS19 -> 0 | BV19: =+BU19*BT19 -> 0
A20: 30*60 | B20: 1683 | C20: 71 | D20: =+C20+BQ20-BR20 -> 71 | BQ20: =+E20+G20+I20+K20+M20+O20+Q20+S20+U20+W20+Y20+AA20+AC20+AE20+AG20+AI20+AK20+AM20+AO20+AQ20+AS20+AU20+AW20+AY20+BA20+BC20+BE20+BG20+BI20+BK20+BM20+BO20 -> 0 | BR20: =+F20+H20+J20+L20+N20+P20+R20+T20+V20+X20+Z20+AB20+AD20+AF20+AH20+AJ20+AL20+AN20+AP20+AR20+AT20+AV20+AX20+AZ20+BB20+BD20+BF20+BH20+BJ20+BL20+BN20+BP20 -> 0 | BS20: 1.08 | BT20: =+D20*BS20 -> 76.68 | BU20: 225000 | BV20: =+BU20*BT20 -> 17253000
B21: 1543 | C21: 16 | D21: =+C21+BQ21-BR21 -> 16 | BQ21: =+E21+G21+I21+K21+M21+O21+Q21+S21+U21+W21+Y21+AA21+AC21+AE21+AG21+AI21+AK21+AM21+AO21+AQ21+AS21+AU21+AW21+AY21+BA21+BC21+BE21+BG21+BI21+BK21+BM21+BO21 -> 0 | BR21: =+F21+H21+J21+L21+N21+P21+R21+T21+V21+X21+Z21+AB21+AD21+AF21+AH21+AJ21+AL21+AN21+AP21+AR21+AT21+AV21+AX21+AZ21+BB21+BD21+BF21+BH21+BJ21+BL21+BN21+BP21 -> 0 | BS21: 1.08 | BT21: =+D21*BS21 -> 17.28 | BU21: 225000 | BV21: =+BU21*BT21 -> 3888000
B22: 1072 | C22: 34 | D22: =+C22+BQ22-BR22 -> 34 | BQ22: =+E22+G22+I22+K22+M22+O22+Q22+S22+U22+W22+Y22+AA22+AC22+AE22+AG22+AI22+AK22+AM22+AO22+AQ22+AS22+AU22+AW22+AY22+BA22+BC22+BE22+BG22+BI22+BK22+BM22+BO22 -> 0 | BR22: =+F22+H22+J22+L22+N22+P22+R22+T22+V22+X22+Z22+AB22+AD22+AF22+AH22+AJ22+AL22+AN22+AP22+AR22+AT22+AV22+AX22+AZ22+BB22+BD22+BF22+BH22+BJ22+BL22+BN22+BP22 -> 0 | BS22: 1.08 | BT22: =+D22*BS22 -> 36.72 | BU22: 225000 | BV22: =+BU22*BT22 -> 8262000
B23: 1347 | C23: 4 | D23: =+C23+BQ23-BR23 -> 4 | BQ23: =+E23+G23+I23+K23+M23+O23+Q23+S23+U23+W23+Y23+AA23+AC23+AE23+AG23+AI23+AK23+AM23+AO23+AQ23+AS23+AU23+AW23+AY23+BA23+BC23+BE23+BG23+BI23+BK23+BM23+BO23 -> 0 | BR23: =+F23+H23+J23+L23+N23+P23+R23+T23+V23+X23+Z23+AB23+AD23+AF23+AH23+AJ23+AL23+AN23+AP23+AR23+AT23+AV23+AX23+AZ23+BB23+BD23+BF23+BH23+BJ23+BL23+BN23+BP23 -> 0 | BS23: 1.08 | BT23: =+D23*BS23 -> 4.32 | BU23: 225000 | BV23: =+BU23*BT23 -> 972000
C24: 0 | D24: =+C24+BQ24-BR24 -> 0 | BQ24: =+E24+G24+I24+K24+M24+O24+Q24+S24+U24+W24+Y24+AA24+AC24+AE24+AG24+AI24+AK24+AM24+AO24+AQ24+AS24+AU24+AW24+AY24+BA24+BC24+BE24+BG24+BI24+BK24+BM24+BO24 -> 0 | BR24: =+F24+H24+J24+L24+N24+P24+R24+T24+V24+X24+Z24+AB24+AD24+AF24+AH24+AJ24+AL24+AN24+AP24+AR24+AT24+AV24+AX24+AZ24+BB24+BD24+BF24+BH24+BJ24+BL24+BN24+BP24 -> 0 | BT24: =+D24*BS24 -> 0 | BV24: =+BU24*BT24 -> 0
A25: PHỤ GIA | B25: Keo CK vỏ cam(bao 25kg) | C25: 1 | D25: =+C25+BQ25-BR25 -> 1 | BQ25: =+E25+G25+I25+K25+M25+O25+Q25+S25+U25+W25+Y25+AA25+AC25+AE25+AG25+AI25+AK25+AM25+AO25+AQ25+AS25+AU25+AW25+AY25+BA25+BC25+BE25+BG25+BI25+BK25+BM25+BO25 -> 0 | BR25: =+F25+H25+J25+L25+N25+P25+R25+T25+V25+X25+Z25+AB25+AD25+AF25+AH25+AJ25+AL25+AN25+AP25+AR25+AT25+AV25+AX25+AZ25+BB25+BD25+BF25+BH25+BJ25+BL25+BN25+BP25 -> 0 | BS25: 1 | BT25: =+D25*BS25 -> 1 | BU25: 65000 | BV25: =+BU25*BT25 -> 65000
B26: Móc ke cân bằng 1mm (túi) | C26: 10 | D26: =+C26+BQ26-BR26 -> 34 | F26: 1 | R26: 2 | T26: 9 | AE26: 30 | BO26: 6 | BQ26: =+E26+G26+I26+K26+M26+O26+Q26+S26+U26+W26+Y26+AA26+AC26+AE26+AG26+AI26+AK26+AM26+AO26+AQ26+AS26+AU26+AW26+AY26+BA26+BC26+BE26+BG26+BI26+BK26+BM26+BO26 -> 36 | BR26: =+F26+H26+J26+L26+N26+P26+R26+T26+V26+X26+Z26+AB26+AD26+AF26+AH26+AJ26+AL26+AN26+AP26+AR26+AT26+AV26+AX26+AZ26+BB26+BD26+BF26+BH26+BJ26+BL26+BN26+BP26 -> 12 | BS26: 1 | BT26: =+D26*BS26 -> 34 | BU26: 40000 | BV26: =+BU26*BT26 -> 1360000
B27: Móc ke cân bằng 1.5mm (Túi) | C27: 3 | D27: =+C27+BQ27-BR27 -> 22 | AD27: 3 | AE27: 30 | AL27: 5 | AO27: 5 | AR27: 4 | AV27: 5 | BA27: 1 | BQ27: =+E27+G27+I27+K27+M27+O27+Q27+S27+U27+W27+Y27+AA27+AC27+AE27+AG27+AI27+AK27+AM27+AO27+AQ27+AS27+AU27+AW27+AY27+BA27+BC27+BE27+BG27+BI27+BK27+BM27+BO27 -> 36 | BR27: =+F27+H27+J27+L27+N27+P27+R27+T27+V27+X27+Z27+AB27+AD27+AF27+AH27+AJ27+AL27+AN27+AP27+AR27+AT27+AV27+AX27+AZ27+BB27+BD27+BF27+BH27+BJ27+BL27+BN27+BP27 -> 17 | BS27: 1 | BT27: =+D27*BS27 -> 22 | BU27: 40000 | BV27: =+BU27*BT27 -> 880000
B28: Nêm (đóng ke cân bằng đỏ) - Túi | C28: 6 | D28: =+C28+BQ28-BR28 -> 25 | F28: 1 | R28: 2 | T28: 3 | U28: 2 | AD28: 1 | AE28: 30 | AL28: 3 | AO28: 3 | AR28: 2 | AV28: 3 | BF28: 2 | BO28: 1 | BQ28: =+E28+G28+I28+K28+M28+O28+Q28+S28+U28+W28+Y28+AA28+AC28+AE28+AG28+AI28+AK28+AM28+AO28+AQ28+AS28+AU28+AW28+AY28+BA28+BC28+BE28+BG28+BI28+BK28+BM28+BO28 -> 36 | BR28: =+F28+H28+J28+L28+N28+P28+R28+T28+V28+X28+Z28+AB28+AD28+AF28+AH28+AJ28+AL28+AN28+AP28+AR28+AT28+AV28+AX28+AZ28+BB28+BD28+BF28+BH28+BJ28+BL28+BN28+BP28 -> 17 | BS28: 1 | BT28: =+D28*BS28 -> 25 | BU28: 35000 | BV28: =+BU28*BT28 -> 875000
B29: Nước tẩy xi măng(can) | C29: 58 | D29: =+C29+BQ29-BR29 -> 58 | BQ29: =+E29+G29+I29+K29+M29+O29+Q29+S29+U29+W29+Y29+AA29+AC29+AE29+AG29+AI29+AK29+AM29+AO29+AQ29+AS29+AU29+AW29+AY29+BA29+BC29+BE29+BG29+BI29+BK29+BM29+BO29 -> 0 | BR29: =+F29+H29+J29+L29+N29+P29+R29+T29+V29+X29+Z29+AB29+AD29+AF29+AH29+AJ29+AL29+AN29+AP29+AR29+AT29+AV29+AX29+AZ29+BB29+BD29+BF29+BH29+BJ29+BL29+BN29+BP29 -> 0 | BS29: 1 | BT29: =+D29*BS29 -> 58 | BU29: 45000 | BV29: =+BU29*BT29 -> 2610000
B30: Nước tẩy bồn cầu xịt(chai) | C30: 40 | D30: =+C30+BQ30-BR30 -> 40 | BQ30: =+E30+G30+I30+K30+M30+O30+Q30+S30+U30+W30+Y30+AA30+AC30+AE30+AG30+AI30+AK30+AM30+AO30+AQ30+AS30+AU30+AW30+AY30+BA30+BC30+BE30+BG30+BI30+BK30+BM30+BO30 -> 0 | BR30: =+F30+H30+J30+L30+N30+P30+R30+T30+V30+X30+Z30+AB30+AD30+AF30+AH30+AJ30+AL30+AN30+AP30+AR30+AT30+AV30+AX30+AZ30+BB30+BD30+BF30+BH30+BJ30+BL30+BN30+BP30 -> 0 | BS30: 1 | BT30: =+D30*BS30 -> 40 | BU30: 38000 | BV30: =+BU30*BT30 -> 1520000
B31: keo 20 kg | C31: 112 | D31: =+C31+BQ31-BR31 -> 151 | F31: 5 | R31: 6 | T31: 30 | Z31: 10 | AD31: 10 | AE31: 150 | AF31: =20+2 -> 22 | AR31: 20 | AZ31: 10 | BE31: 2 | BQ31: =+E31+G31+I31+K31+M31+O31+Q31+S31+U31+W31+Y31+AA31+AC31+AE31+AG31+AI31+AK31+AM31+AO31+AQ31+AS31+AU31+AW31+AY31+BA31+BC31+BE31+BG31+BI31+BK31+BM31+BO31 -> 152 | BR31: =+F31+H31+J31+L31+N31+P31+R31+T31+V31+X31+Z31+AB31+AD31+AF31+AH31+AJ31+AL31+AN31+AP31+AR31+AT31+AV31+AX31+AZ31+BB31+BD31+BF31+BH31+BJ31+BL31+BN31+BP31 -> 113 | BS31: 1 | BT31: =+D31*BS31 -> 151 | BU31: 42000 | BV31: =+BU31*BT31 -> 6342000

Sheet TAKAO
A1: KÍCH THƯỚC | B1: MÃ SP | C1: TỒN CK 30,9.2026 | D1: TỒN HIỆN TẠI T10.2026 | E1: 1 | G1: =1+E1 -> 2 | I1: =1+G1 -> 3 | K1: =1+I1 -> 4 | M1: =1+K1 -> 5 | O1: =1+M1 -> 6 | Q1: =1+O1 -> 7 | S1: =1+Q1 -> 8 | U1: =1+S1 -> 9 | W1: =1+U1 -> 10 | Y1: =1+W1 -> 11 | AA1: =1+Y1 -> 12 | AC1: =1+AA1 -> 13 | AE1: =1+AC1 -> 14 | AG1: =1+AE1 -> 15 | AI1: =1+AG1 -> 16 | AK1: =1+AI1 -> 17 | AM1: =1+AK1 -> 18 | AO1: =1+AM1 -> 19 | AQ1: =1+AO1 -> 20 | AS1: =1+AQ1 -> 21 | AU1: =1+AS1 -> 22 | AW1: =1+AU1 -> 23 | AY1: =1+AW1 -> 24 | BA1: =1+AY1 -> 25 | BC1: =1+BA1 -> 26 | BE1: =1+BC1 -> 27 | BG1: =1+BE1 -> 28 | BI1: =1+BG1 -> 29 | BK1: =1+BI1 -> 30 | BM1: =1+BK1 -> 31 | BO1: chưa rõ nguyên nhân | BQ1: TỔNG | BS1: M2/H | BT1: QUY M2 | BU1: ĐƠN GIÁ | BV1: THÀNH TIỀN
E2: N | F2: X | G2: N | H2: X | I2: N | J2: X | K2: N | L2: X | M2: N | N2: X | O2: N | P2: X | Q2: N | R2: X | S2: N | T2: X | U2: N | V2: X | W2: N | X2: X | Y2: N | Z2: X | AA2: N | AB2: X | AC2: N | AD2: X | AE2: N | AF2: X | AG2: N | AH2: X | AI2: N | AJ2: X | AK2: N | AL2: X | AM2: N | AN2: X | AO2: N | AP2: X | AQ2: N | AR2: X | AS2: N | AT2: X | AU2: N | AW2: N | AX2: X | AY2: N | AZ2: X | BA2: N | BB2: X | BC2: N | BD2: X | BE2: N | BF2: X | BG2: N | BH2: X | BI2: N | BJ2: X | BK2: N | BL2: X | BM2: N | BN2: X | BO2: N | BP2: X | BQ2: N | BR2: X
A3: TỔNG TỒN | C3: =SUM(C6:C111) -> 13013.957 | D3: =SUM(D6:D111) -> 11932.957 | E3: =SUM(E6:E254) -> 37 | F3: =SUM(F6:F254) -> 163 | G3: =SUM(G6:G254) -> 1 | H3: =SUM(H6:H254) -> 275 | I3: =SUM(I6:I254) -> 7 | J3: =SUM(J6:J254) -> 201 | K3: =SUM(K6:K254) -> 2 | L3: =SUM(L6:L254) -> 3 | ... BP3: =SUM(BP6:BP254) -> 0 | BQ3: =+E3+G3+I3+K3+M3+O3+Q3+S3+U3+W3+Y3+AA3+AC3+AE3+AG3+AI3+AK3+AM3+AO3+AQ3+AS3+AU3+AW3+AY3+BA3+BC3+BE3+BG3+BI3+BK3+BM3+BO3 -> 47 | BR3: =+F3+H3+J3+L3+N3+P3+R3+T3+V3+X3+Z3+AB3+AD3+AF3+AH3+AJ3+AL3+AN3+AP3+AR3+AT3+AV3+AX3+AZ3+BB3+BD3+BF3+BH3+BJ3+BL3+BN3+BP3 -> 1128 | BT3: =SUM(BT6:BT111) -> 21961.897 | BV3: =SUM(BV6:BV111) -> 2.2705752e+09
BQ4: =+E4+G4+I4+K4+M4+O4+Q4+S4+U4+W4+Y4+AA4+AC4+AE4+AG4+AI4+AK4+AM4+AO4+AQ4+AS4+AU4+AW4+AY4+BA4+BC4+BE4+BG4+BI4+BK4+BM4+BO4 -> 0 | BR4: =+F4+H4+J4+L4+N4+P4+R4+T4+V4+X4+Z4+AB4+AD4+AF4+AH4+AJ4+AL4+AN4+AP4+AR4+AT4+AV4+AX4+AZ4+BB4+BD4+BF4+BH4+BJ4+BL4+BN4+BP4 -> 0
A5: TAKAO- CŨ | BQ5: =+E5+G5+I5+K5+M5+O5+Q5+S5+U5+W5+Y5+AA5+AC5+AE5+AG5+AI5+AK5+AM5+AO5+AQ5+AS5+AU5+AW5+AY5+BA5+BC5+BE5+BG5+BI5+BK5+BM5+BO5 -> 0 | BR5: =+F5+H5+J5+L5+N5+P5+R5+T5+V5+X5+Z5+AB5+AD5+AF5+AH5+AJ5+AL5+AN5+AP5+AR5+AT5+AV5+AX5+AZ5+BB5+BD5+BF5+BH5+BJ5+BL5+BN5+BP5 -> 0
A6: 60*60 SV | B6: 97-665 | C6: 33 | D6: =+C6+BQ6-BR6 -> 33 | BQ6: =+E6+G6+I6+K6+M6+O6+Q6+S6+U6+W6+Y6+AA6+AC6+AE6+AG6+AI6+AK6+AM6+AO6+AQ6+AS6+AU6+AW6+AY6+BA6+BC6+BE6+BG6+BI6+BK6+BM6+BO6 -> 0 | BR6: =+F6+H6+J6+L6+N6+P6+R6+T6+V6+X6+Z6+AB6+AD6+AF6+AH6+AJ6+AL6+AN6+AP6+AR6+AT6+AV6+AX6+AZ6+BB6+BD6+BF6+BH6+BJ6+BL6+BN6+BP6 -> 0 | BS6: 1.44 | BT6: =+D6*BS6 -> 47.52 | BU6: 76000 | BV6: =+BT6*BU6 -> 3611520
A7: 60*60 bs | B7: 97-601 | C7: 57 | D7: =+C7+BQ7-BR7 -> 57 | BQ7: =+E7+G7+I7+K7+M7+O7+Q7+S7+U7+W7+Y7+AA7+AC7+AE7+AG7+AI7+AK7+AM7+AO7+AQ7+AS7+AU7+AW7+AY7+BA7+BC7+BE7+BG7+BI7+BK7+BM7+BO7 -> 0 | BR7: =+F7+H7+J7+L7+N7+P7+R7+T7+V7+X7+Z7+AB7+AD7+AF7+AH7+AJ7+AL7+AN7+AP7+AR7+AT7+AV7+AX7+AZ7+BB7+BD7+BF7+BH7+BJ7+BL7+BN7+BP7 -> 0 | BS7: 1.44 | BT7: =+D7*BS7 -> 82.08 | BU7: 103000 | BV7: =+BT7*BU7 -> 8454240
B8: 97-604 | C8: 160 | D8: =+C8+BQ8-BR8 -> 160 | BQ8: =+E8+G8+I8+K8+M8+O8+Q8+S8+U8+W8+Y8+AA8+AC8+AE8+AG8+AI8+AK8+AM8+AO8+AQ8+AS8+AU8+AW8+AY8+BA8+BC8+BE8+BG8+BI8+BK8+BM8+BO8 -> 0 | BR8: =+F8+H8+J8+L8+N8+P8+R8+T8+V8+X8+Z8+AB8+AD8+AF8+AH8+AJ8+AL8+AN8+AP8+AR8+AT8+AV8+AX8+AZ8+BB8+BD8+BF8+BH8+BJ8+BL8+BN8+BP8 -> 0 | BS8: 1.44 | BT8: =+D8*BS8 -> 230.4 | BU8: 103000 | BV8: =+BT8*BU8 -> 23731200
B9: 97-606 | C9: 11 | D9: =+C9+BQ9-BR9 -> 10 | P9: 1 | BQ9: =+E9+G9+I9+K9+M9+O9+Q9+S9+U9+W9+Y9+AA9+AC9+AE9+AG9+AI9+AK9+AM9+AO9+AQ9+AS9+AU9+AW9+AY9+BA9+BC9+BE9+BG9+BI9+BK9+BM9+BO9 -> 0 | BR9: =+F9+H9+J9+L9+N9+P9+R9+T9+V9+X9+Z9+AB9+AD9+AF9+AH9+AJ9+AL9+AN9+AP9+AR9+AT9+AV9+AX9+AZ9+BB9+BD9+BF9+BH9+BJ9+BL9+BN9+BP9 -> 1 | BS9: 1.44 | BT9: =+D9*BS9 -> 14.4 | BU9: 103000 | BV9: =+BT9*BU9 -> 1483200
B10: 97-653 | C10: 10 | D10: =+C10+BQ10-BR10 -> 10 | BQ10: =+E10+G10+I10+K10+M10+O10+Q10+S10+U10+W10+Y10+AA10+AC10+AE10+AG10+AI10+AK10+AM10+AO10+AQ10+AS10+AU10+AW10+AY10+BA10+BC10+BE10+BG10+BI10+BK10+BM10+BO10 -> 0 | BR10: =+F10+H10+J10+L10+N10+P10+R10+T10+V10+X10+Z10+AB10+AD10+AF10+AH10+AJ10+AL10+AN10+AP10+AR10+AT10+AV10+AX10+AZ10+BB10+BD10+BF10+BH10+BJ10+BL10+BN10+BP10 -> 0 | BS10: 1.44 | BT10: =+D10*BS10 -> 14.4 | BU10: 103000 | BV10: =+BT10*BU10 -> 1483200
B11: 97-654 | C11: 5 | D11: =+C11+BQ11-BR11 -> 5 | BQ11: =+E11+G11+I11+K11+M11+O11+Q11+S11+U11+W11+Y11+AA11+AC11+AE11+AG11+AI11+AK11+AM11+AO11+AQ11+AS11+AU11+AW11+AY11+BA11+BC11+BE11+BG11+BI11+BK11+BM11+BO11 -> 0 | BR11: =+F11+H11+J11+L11+N11+P11+R11+T11+V11+X11+Z11+AB11+AD11+AF11+AH11+AJ11+AL11+AN11+AP11+AR11+AT11+AV11+AX11+AZ11+BB11+BD11+BF11+BH11+BJ11+BL11+BN11+BP11 -> 0 | BS11: 1.44 | BT11: =+D11*BS11 -> 7.2 | BU11: 103000 | BV11: =+BT11*BU11 -> 741600
A12: 80*80 | B12: 97-854 | C12: 13 | D12: =+C12+BQ12-BR12 -> 13 | BQ12: =+E12+G12+I12+K12+M12+O12+Q12+S12+U12+W12+Y12+AA12+AC12+AE12+AG12+AI12+AK12+AM12+AO12+AQ12+AS12+AU12+AW12+AY12+BA12+BC12+BE12+BG12+BI12+BK12+BM12+BO12 -> 0 | BR12: =+F12+H12+J12+L12+N12+P12+R12+T12+V12+X12+Z12+AB12+AD12+AF12+AH12+AJ12+AL12+AN12+AP12+AR12+AT12+AV12+AX12+AZ12+BB12+BD12+BF12+BH12+BJ12+BL12+BN12+BP12 -> 0 | BS12: 1.92 | BT12: =+D12*BS12 -> 24.96 | BU12: 116000 | BV12: =+BT12*BU12 -> 2895360
B13: 97-855 | C13: 6.7 | D13: =+C13+BQ13-BR13 -> 6.7 | BQ13: =+E13+G13+I13+K13+M13+O13+Q13+S13+U13+W13+Y13+AA13+AC13+AE13+AG13+AI13+AK13+AM13+AO13+AQ13+AS13+AU13+AW13+AY13+BA13+BC13+BE13+BG13+BI13+BK13+BM13+BO13 -> 0 | BR13: =+F13+H13+J13+L13+N13+P13+R13+T13+V13+X13+Z13+AB13+AD13+AF13+AH13+AJ13+AL13+AN13+AP13+AR13+AT13+AV13+AX13+AZ13+BB13+BD13+BF13+BH13+BJ13+BL13+BN13+BP13 -> 0 | BS13: 1.92 | BT13: =+D13*BS13 -> 12.864 | BU13: 116000 | BV13: =+BT13*BU13 -> 1492224
A14: 1M*1M | B14: 97-101 | C14: 45 | D14: =+C14+BQ14-BR14 -> 45 | BQ14: =+E14+G14+I14+K14+M14+O14+Q14+S14+U14+W14+Y14+AA14+AC14+AE14+AG14+AI14+AK14+AM14+AO14+AQ14+AS14+AU14+AW14+AY14+BA14+BC14+BE14+BG14+BI14+BK14+BM14+BO14 -> 0 | BR14: =+F14+H14+J14+L14+N14+P14+R14+T14+V14+X14+Z14+AB14+AD14+AF14+AH14+AJ14+AL14+AN14+AP14+AR14+AT14+AV14+AX14+AZ14+BB14+BD14+BF14+BH14+BJ14+BL14+BN14+BP14 -> 0 | BS14: 2 | BT14: =+D14*BS14 -> 90 | BU14: 155000 | BV14: =+BT14*BU14 -> 13950000
B15: 97-104 | C15: 45 | D15: =+C15+BQ15-BR15 -> 45 | BQ15: =+E15+G15+I15+K15+M15+O15+Q15+S15+U15+W15+Y15+AA15+AC15+AE15+AG15+AI15+AK15+AM15+AO15+AQ15+AS15+AU15+AW15+AY15+BA15+BC15+BE15+BG15+BI15+BK15+BM15+BO15 -> 0 | BR15: =+F15+H15+J15+L15+N15+P15+R15+T15+V15+X15+Z15+AB15+AD15+AF15+AH15+AJ15+AL15+AN15+AP15+AR15+AT15+AV15+AX15+AZ15+BB15+BD15+BF15+BH15+BJ15+BL15+BN15+BP15 -> 0 | BS15: 2 | BT15: =+D15*BS15 -> 90 | BU15: 160000 | BV15: =+BT15*BU15 -> 14400000
B16: 97-105 | C16: 17 | D16: =+C16+BQ16-BR16 -> 17 | BQ16: =+E16+G16+I16+K16+M16+O16+Q16+S16+U16+W16+Y16+AA16+AC16+AE16+AG16+AI16+AK16+AM16+AO16+AQ16+AS16+AU16+AW16+AY16+BA16+BC16+BE16+BG16+BI16+BK16+BM16+BO16 -> 0 | BR16: =+F16+H16+J16+L16+N16+P16+R16+T16+V16+X16+Z16+AB16+AD16+AF16+AH16+AJ16+AL16+AN16+AP16+AR16+AT16+AV16+AX16+AZ16+BB16+BD16+BF16+BH16+BJ16+BL16+BN16+BP16 -> 0 | BS16: 2 | BT16: =+D16*BS16 -> 34 | BU16: 160000 | BV16: =+BT16*BU16 -> 5440000
B17: 97-106 | C17: 69 | D17: =+C17+BQ17-BR17 -> 69 | BQ17: =+E17+G17+I17+K17+M17+O17+Q17+S17+U17+W17+Y17+AA17+AC17+AE17+AG17+AI17+AK17+AM17+AO17+AQ17+AS17+AU17+AW17+AY17+BA17+BC17+BE17+BG17+BI17+BK17+BM17+BO17 -> 0 | BR17: =+F17+H17+J17+L17+N17+P17+R17+T17+V17+X17+Z17+AB17+AD17+AF17+AH17+AJ17+AL17+AN17+AP17+AR17+AT17+AV17+AX17+AZ17+BB17+BD17+BF17+BH17+BJ17+BL17+BN17+BP17 -> 0 | BS17: 2 | BT17: =+D17*BS17 -> 138 | BU17: 160000 | BV17: =+BT17*BU17 -> 22080000
A18: TKG-MỚI | C18: 0 | D18: =+C18+BQ18-BR18 -> 0 | BQ18: =+E18+G18+I18+K18+M18+O18+Q18+S18+U18+W18+Y18+AA18+AC18+AE18+AG18+AI18+AK18+AM18+AO18+AQ18+AS18+AU18+AW18+AY18+BA18+BC18+BE18+BG18+BI18+BK18+BM18+BO18 -> 0 | BR18: =+F18+H18+J18+L18+N18+P18+R18+T18+V18+X18+Z18+AB18+AD18+AF18+AH18+AJ18+AL18+AN18+AP18+AR18+AT18+AV18+AX18+AZ18+BB18+BD18+BF18+BH18+BJ18+BL18+BN18+BP18 -> 0 | BT18: =+D18*BS18 -> 0 | BV18: =+BT18*BU18 -> 0
A19: 30*60-BS (1h=8v) | B19: 13102 | C19: 253 | D19: =+C19+BQ19-BR19 -> 253 | BQ19: =+E19+G19+I19+K19+M19+O19+Q19+S19+U19+W19+Y19+AA19+AC19+AE19+AG19+AI19+AK19+AM19+AO19+AQ19+AS19+AU19+AW19+AY19+BA19+BC19+BE19+BG19+BI19+BK19+BM19+BO19 -> 0 | BR19: =+F19+H19+J19+L19+N19+P19+R19+T19+V19+X19+Z19+AB19+AD19+AF19+AH19+AJ19+AL19+AN19+AP19+AR19+AT19+AV19+AX19+AZ19+BB19+BD19+BF19+BH19+BJ19+BL19+BN19+BP19 -> 0 | BS19: 1.44 | BT19: =+D19*BS19 -> 364.32 | BU19: 112000 | BV19: =+BT19*BU19 -> 40803840
B20: 13103 | C20: 210 | D20: =+C20+BQ20-BR20 -> 210 | BQ20: =+E20+G20+I20+K20+M20+O20+Q20+S20+U20+W20+Y20+AA20+AC20+AE20+AG20+AI20+AK20+AM20+AO20+AQ20+AS20+AU20+AW20+AY20+BA20+BC20+BE20+BG20+BI20+BK20+BM20+BO20 -> 0 | BR20: =+F20+H20+J20+L20+N20+P20+R20+T20+V20+X20+Z20+AB20+AD20+AF20+AH20+AJ20+AL20+AN20+AP20+AR20+AT20+AV20+AX20+AZ20+BB20+BD20+BF20+BH20+BJ20+BL20+BN20+BP20 -> 0 | BS20: 1.44 | BT20: =+D20*BS20 -> 302.4 | BU20: 112000 | BV20: =+BT20*BU20 -> 33868800
B21: 13202-ĐIỂM | C21: 65 | D21: =+C21+BQ21-BR21 -> 65 | BQ21: =+E21+G21+I21+K21+M21+O21+Q21+S21+U21+W21+Y21+AA21+AC21+AE21+AG21+AI21+AK21+AM21+AO21+AQ21+AS21+AU21+AW21+AY21+BA21+BC21+BE21+BG21+BI21+BK21+BM21+BO21 -> 0 | BR21: =+F21+H21+J21+L21+N21+P21+R21+T21+V21+X21+Z21+AB21+AD21+AF21+AH21+AJ21+AL21+AN21+AP21+AR21+AT21+AV21+AX21+AZ21+BB21+BD21+BF21+BH21+BJ21+BL21+BN21+BP21 -> 0 | BS21: 1.44 | BT21: =+D21*BS21 -> 93.6 | BU21: 122000 | BV21: =+BT21*BU21 -> 11419200
C22: 0 | D22: =+C22+BQ22-BR22 -> 0 | BQ22: =+E22+G22+I22+K22+M22+O22+Q22+S22+U22+W22+Y22+AA22+AC22+AE22+AG22+AI22+AK22+AM22+AO22+AQ22+AS22+AU22+AW22+AY22+BA22+BC22+BE22+BG22+BI22+BK22+BM22+BO22 -> 0 | BR22: =+F22+H22+J22+L22+N22+P22+R22+T22+V22+X22+Z22+AB22+AD22+AF22+AH22+AJ22+AL22+AN22+AP22+AR22+AT22+AV22+AX22+AZ22+BB22+BD22+BF22+BH22+BJ22+BL22+BN22+BP22 -> 0 | BT22: =+D22*BS22 -> 0 | BV22: =+BT22*BU22 -> 0
B23: 13106 | C23: 302.75 | D23: =+C23+BQ23-BR23 -> 302.75 | BQ23: =+E23+G23+I23+K23+M23+O23+Q23+S23+U23+W23+Y23+AA23+AC23+AE23+AG23+AI23+AK23+AM23+AO23+AQ23+AS23+AU23+AW23+AY23+BA23+BC23+BE23+BG23+BI23+BK23+BM23+BO23 -> 0 | BR23: =+F23+H23+J23+L23+N23+P23+R23+T23+V23+X23+Z23+AB23+AD23+AF23+AH23+AJ23+AL23+AN23+AP23+AR23+AT23+AV23+AX23+AZ23+BB23+BD23+BF23+BH23+BJ23+BL23+BN23+BP23 -> 0 | BS23: 1.44 | BT23: =+D23*BS23 -> 435.96 | BU23: 112000 | BV23: =+BT23*BU23 -> 48827520
B24: 13206 ĐIỂM | C24: 56.5 | D24: =+C24+BQ24-BR24 -> 56.5 | BQ24: =+E24+G24+I24+K24+M24+O24+Q24+S24+U24+W24+Y24+AA24+AC24+AE24+AG24+AI24+AK24+AM24+AO24+AQ24+AS24+AU24+AW24+AY24+BA24+BC24+BE24+BG24+BI24+BK24+BM24+BO24 -> 0 | BR24: =+F24+H24+J24+L24+N24+P24+R24+T24+V24+X24+Z24+AB24+AD24+AF24+AH24+AJ24+AL24+AN24+AP24+AR24+AT24+AV24+AX24+AZ24+BB24+BD24+BF24+BH24+BJ24+BL24+BN24+BP24 -> 0 | BS24: 1.44 | BT24: =+D24*BS24 -> 81.36 | BU24: 122000 | BV24: =+BT24*BU24 -> 9925920
C25: 0 | D25: =+C25+BQ25-BR25 -> 0 | BQ25: =+E25+G25+I25+K25+M25+O25+Q25+S25+U25+W25+Y25+AA25+AC25+AE25+AG25+AI25+AK25+AM25+AO25+AQ25+AS25+AU25+AW25+AY25+BA25+BC25+BE25+BG25+BI25+BK25+BM25+BO25 -> 0 | BR25: =+F25+H25+J25+L25+N25+P25+R25+T25+V25+X25+Z25+AB25+AD25+AF25+AH25+AJ25+AL25+AN25+AP25+AR25+AT25+AV25+AX25+AZ25+BB25+BD25+BF25+BH25+BJ25+BL25+BN25+BP25 -> 0 | BT25: =+D25*BS25 -> 0 | BV25: =+BT25*BU25 -> 0
A26: 30*60 elit (1h =10 v) | B26: 43500-Trắng tinh bs | C26: 265 | D26: =+C26+BQ26-BR26 -> 265 | BQ26: =+E26+G26+I26+K26+M26+O26+Q26+S26+U26+W26+Y26+AA26+AC26+AE26+AG26+AI26+AK26+AM26+AO26+AQ26+AS26+AU26+AW26+AY26+BA26+BC26+BE26+BG26+BI26+BK26+BM26+BO26 -> 0 | BR26: =+F26+H26+J26+L26+N26+P26+R26+T26+V26+X26+Z26+AB26+AD26+AF26+AH26+AJ26+AL26+AN26+AP26+AR26+AT26+AV26+AX26+AZ26+BB26+BD26+BF26+BH26+BJ26+BL26+BN26+BP26 -> 0 | BS26: 1.8 | BT26: =+D26*BS26 -> 477 | BU26: 82000 | BV26: =+BT26*BU26 -> 39114000
B27: 43600-điểm | C27: -7.2164497e-16 | D27: =+C27+BQ27-BR27 -> -7.2164497e-16 | BQ27: =+E27+G27+I27+K27+M27+O27+Q27+S27+U27+W27+Y27+AA27+AC27+AE27+AG27+AI27+AK27+AM27+AO27+AQ27+AS27+AU27+AW27+AY27+BA27+BC27+BE27+BG27+BI27+BK27+BM27+BO27 -> 0 | BR27: =+F27+H27+J27+L27+N27+P27+R27+T27+V27+X27+Z27+AB27+AD27+AF27+AH27+AJ27+AL27+AN27+AP27+AR27+AT27+AV27+AX27+AZ27+BB27+BD27+BF27+BH27+BJ27+BL27+BN27+BP27 -> 0 | BS27: 1.8 | BT27: =+D27*BS27 -> -1.2989609e-15 | BU27: 92000 | BV27: =+BT27*BU27 -> -1.1950441e-10
C28: 0 | D28: =+C28+BQ28-BR28 -> 0 | BQ28: =+E28+G28+I28+K28+M28+O28+Q28+S28+U28+W28+Y28+AA28+AC28+AE28+AG28+AI28+AK28+AM28+AO28+AQ28+AS28+AU28+AW28+AY28+BA28+BC28+BE28+BG28+BI28+BK28+BM28+BO28 -> 0 | BR28: =+F28+H28+J28+L28+N28+P28+R28+T28+V28+X28+Z28+AB28+AD28+AF28+AH28+AJ28+AL28+AN28+AP28+AR28+AT28+AV28+AX28+AZ28+BB28+BD28+BF28+BH28+BJ28+BL28+BN28+BP28 -> 0 | BT28: =+D28*BS28 -> 0 | BV28: =+BT28*BU28 -> 0
B29: 73501-khói | C29: 303 | D29: =+C29+BQ29-BR29 -> 301 | J29: 2 | BQ29: =+E29+G29+I29+K29+M29+O29+Q29+S29+U29+W29+Y29+AA29+AC29+AE29+AG29+AI29+AK29+AM29+AO29+AQ29+AS29+AU29+AW29+AY29+BA29+BC29+BE29+BG29+BI29+BK29+BM29+BO29 -> 0 | BR29: =+F29+H29+J29+L29+N29+P29+R29+T29+V29+X29+Z29+AB29+AD29+AF29+AH29+AJ29+AL29+AN29+AP29+AR29+AT29+AV29+AX29+AZ29+BB29+BD29+BF29+BH29+BJ29+BL29+BN29+BP29 -> 2 | BS29: 1.8 | BT29: =+D29*BS29 -> 541.8 | BU29: 82000 | BV29: =+BT29*BU29 -> 44427600
B30: 73601-điểm | C30: 42 | D30: =+C30+BQ30-BR30 -> 42 | BQ30: =+E30+G30+I30+K30+M30+O30+Q30+S30+U30+W30+Y30+AA30+AC30+AE30+AG30+AI30+AK30+AM30+AO30+AQ30+AS30+AU30+AW30+AY30+BA30+BC30+BE30+BG30+BI30+BK30+BM30+BO30 -> 0 | BR30: =+F30+H30+J30+L30+N30+P30+R30+T30+V30+X30+Z30+AB30+AD30+AF30+AH30+AJ30+AL30+AN30+AP30+AR30+AT30+AV30+AX30+AZ30+BB30+BD30+BF30+BH30+BJ30+BL30+BN30+BP30 -> 0 | BS30: 1.8 | BT30: =+D30*BS30 -> 75.6 | BU30: 92000 | BV30: =+BT30*BU30 -> 6955200
C31: 0 | D31: =+C31+BQ31-BR31 -> 0 | BQ31: =+E31+G31+I31+K31+M31+O31+Q31+S31+U31+W31+Y31+AA31+AC31+AE31+AG31+AI31+AK31+AM31+AO31+AQ31+AS31+AU31+AW31+AY31+BA31+BC31+BE31+BG31+BI31+BK31+BM31+BO31 -> 0 | BR31: =+F31+H31+J31+L31+N31+P31+R31+T31+V31+X31+Z31+AB31+AD31+AF31+AH31+AJ31+AL31+AN31+AP31+AR31+AT31+AV31+AX31+AZ31+BB31+BD31+BF31+BH31+BJ31+BL31+BN31+BP31 -> 0 | BT31: =+D31*BS31 -> 0 | BV31: =+BT31*BU31 -> 0
B32: 73506-nhạt | C32: 82 | D32: =+C32+BQ32-BR32 -> 47 | H32: 25 | J32: 10 | BQ32: =+E32+G32+I32+K32+M32+O32+Q32+S32+U32+W32+Y32+AA32+AC32+AE32+AG32+AI32+AK32+AM32+AO32+AQ32+AS32+AU32+AW32+AY32+BA32+BC32+BE32+BG32+BI32+BK32+BM32+BO32 -> 0 | BR32: =+F32+H32+J32+L32+N32+P32+R32+T32+V32+X32+Z32+AB32+AD32+AF32+AH32+AJ32+AL32+AN32+AP32+AR32+AT32+AV32+AX32+AZ32+BB32+BD32+BF32+BH32+BJ32+BL32+BN32+BP32 -> 35 | BS32: 1.8 | BT32: =+D32*BS32 -> 84.6 | BU32: 92000 | BV32: =+BT32*BU32 -> 7783200
B33: 73507-đậm | C33: 47 | D33: =+C33+BQ33-BR33 -> -3 | J33: =10+40 -> 50 | BQ33: =+E33+G33+I33+K33+M33+O33+Q33+S33+U33+W33+Y33+AA33+AC33+AE33+AG33+AI33+AK33+AM33+AO33+AQ33+AS33+AU33+AW33+AY33+BA33+BC33+BE33+BG33+BI33+BK33+BM33+BO33 -> 0 | BR33: =+F33+H33+J33+L33+N33+P33+R33+T33+V33+X33+Z33+AB33+AD33+AF33+AH33+AJ33+AL33+AN33+AP33+AR33+AT33+AV33+AX33+AZ33+BB33+BD33+BF33+BH33+BJ33+BL33+BN33+BP33 -> 50 | BS33: 1.8 | BT33: =+D33*BS33 -> -5.4 | BU33: 82000 | BV33: =+BT33*BU33 -> -442800
B34: 73606-điểm | C34: 45 | D34: =+C34+BQ34-BR34 -> 42 | J34: 3 | BQ34: =+E34+G34+I34+K34+M34+O34+Q34+S34+U34+W34+Y34+AA34+AC34+AE34+AG34+AI34+AK34+AM34+AO34+AQ34+AS34+AU34+AW34+AY34+BA34+BC34+BE34+BG34+BI34+BK34+BM34+BO34 -> 0 | BR34: =+F34+H34+J34+L34+N34+P34+R34+T34+V34+X34+Z34+AB34+AD34+AF34+AH34+AJ34+AL34+AN34+AP34+AR34+AT34+AV34+AX34+AZ34+BB34+BD34+BF34+BH34+BJ34+BL34+BN34+BP34 -> 3 | BS34: 1.8 | BT34: =+D34*BS34 -> 75.6 | BU34: 92000 | BV34: =+BT34*BU34 -> 6955200
C35: 0 | D35: =+C35+BQ35-BR35 -> 0 | BQ35: =+E35+G35+I35+K35+M35+O35+Q35+S35+U35+W35+Y35+AA35+AC35+AE35+AG35+AI35+AK35+AM35+AO35+AQ35+AS35+AU35+AW35+AY35+BA35+BC35+BE35+BG35+BI35+BK35+BM35+BO35 -> 0 | BR35: =+F35+H35+J35+L35+N35+P35+R35+T35+V35+X35+Z35+AB35+AD35+AF35+AH35+AJ35+AL35+AN35+AP35+AR35+AT35+AV35+AX35+AZ35+BB35+BD35+BF35+BH35+BJ35+BL35+BN35+BP35 -> 0 | BT35: =+D35*BS35 -> 0 | BV35: =+BT35*BU35 -> 0
B36: 73502-nhạt | C36: 160 | D36: =+C36+BQ36-BR36 -> 64 | P36: 96 | BQ36: =+E36+G36+I36+K36+M36+O36+Q36+S36+U36+W36+Y36+AA36+AC36+AE36+AG36+AI36+AK36+AM36+AO36+AQ36+AS36+AU36+AW36+AY36+BA36+BC36+BE36+BG36+BI36+BK36+BM36+BO36 -> 0 | BR36: =+F36+H36+J36+L36+N36+P36+R36+T36+V36+X36+Z36+AB36+AD36+AF36+AH36+AJ36+AL36+AN36+AP36+AR36+AT36+AV36+AX36+AZ36+BB36+BD36+BF36+BH36+BJ36+BL36+BN36+BP36 -> 96 | BS36: 1.8 | BT36: =+D36*BS36 -> 115.2 | BU36: 92000 | BV36: =+BT36*BU36 -> 10598400
B37: 73503-đậm | C37: 81 | D37: =+C37+BQ37-BR37 -> 81 | BQ37: =+E37+G37+I37+K37+M37+O37+Q37+S37+U37+W37+Y37+AA37+AC37+AE37+AG37+AI37+AK37+AM37+AO37+AQ37+AS37+AU37+AW37+AY37+BA37+BC37+BE37+BG37+BI37+BK37+BM37+BO37 -> 0 | BR37: =+F37+H37+J37+L37+N37+P37+R37+T37+V37+X37+Z37+AB37+AD37+AF37+AH37+AJ37+AL37+AN37+AP37+AR37+AT37+AV37+AX37+AZ37+BB37+BD37+BF37+BH37+BJ37+BL37+BN37+BP37 -> 0 | BS37: 1.8 | BT37: =+D37*BS37 -> 145.8 | BU37: 82000 | BV37: =+BT37*BU37 -> 11955600
B38: 73602-điểm | C38: 19 | D38: =+C38+BQ38-BR38 -> 19 | BQ38: =+E38+G38+I38+K38+M38+O38+Q38+S38+U38+W38+Y38+AA38+AC38+AE38+AG38+AI38+AK38+AM38+AO38+AQ38+AS38+AU38+AW38+AY38+BA38+BC38+BE38+BG38+BI38+BK38+BM38+BO38 -> 0 | BR38: =+F38+H38+J38+L38+N38+P38+R38+T38+V38+X38+Z38+AB38+AD38+AF38+AH38+AJ38+AL38+AN38+AP38+AR38+AT38+AV38+AX38+AZ38+BB38+BD38+BF38+BH38+BJ38+BL38+BN38+BP38 -> 0 | BS38: 1.8 | BT38: =+D38*BS38 -> 34.2 | BU38: 92000 | BV38: =+BT38*BU38 -> 3146400
C39: 0 | D39: =+C39+BQ39-BR39 -> 0 | BQ39: =+E39+G39+I39+K39+M39+O39+Q39+S39+U39+W39+Y39+AA39+AC39+AE39+AG39+AI39+AK39+AM39+AO39+AQ39+AS39+AU39+AW39+AY39+BA39+BC39+BE39+BG39+BI39+BK39+BM39+BO39 -> 0 | BR39: =+F39+H39+J39+L39+N39+P39+R39+T39+V39+X39+Z39+AB39+AD39+AF39+AH39+AJ39+AL39+AN39+AP39+AR39+AT39+AV39+AX39+AZ39+BB39+BD39+BF39+BH39+BJ39+BL39+BN39+BP39 -> 0 | BT39: =+D39*BS39 -> 0 | BV39: =+BT39*BU39 -> 0
A40: 60*60-BS | B40: 16901 | C40: 97 | D40: =+C40+BQ40-BR40 -> 97 | BQ40: =+E40+G40+I40+K40+M40+O40+Q40+S40+U40+W40+Y40+AA40+AC40+AE40+AG40+AI40+AK40+AM40+AO40+AQ40+AS40+AU40+AW40+AY40+BA40+BC40+BE40+BG40+BI40+BK40+BM40+BO40 -> 0 | BR40: =+F40+H40+J40+L40+N40+P40+R40+T40+V40+X40+Z40+AB40+AD40+AF40+AH40+AJ40+AL40+AN40+AP40+AR40+AT40+AV40+AX40+AZ40+BB40+BD40+BF40+BH40+BJ40+BL40+BN40+BP40 -> 0 | BS40: 1.8 | BT40: =+D40*BS40 -> 174.6 | BU40: 92000 | BV40: =+BT40*BU40 -> 16063200
B41: 16902 | C41: 53 | D41: =+C41+BQ41-BR41 -> 53 | BQ41: =+E41+G41+I41+K41+M41+O41+Q41+S41+U41+W41+Y41+AA41+AC41+AE41+AG41+AI41+AK41+AM41+AO41+AQ41+AS41+AU41+AW41+AY41+BA41+BC41+BE41+BG41+BI41+BK41+BM41+BO41 -> 0 | BR41: =+F41+H41+J41+L41+N41+P41+R41+T41+V41+X41+Z41+AB41+AD41+AF41+AH41+AJ41+AL41+AN41+AP41+AR41+AT41+AV41+AX41+AZ41+BB41+BD41+BF41+BH41+BJ41+BL41+BN41+BP41 -> 0 | BS41: 1.8 | BT41: =+D41*BS41 -> 95.4 | BU41: 92000 | BV41: =+BT41*BU41 -> 8776800
B42: 16906 | C42: 242 | D42: =+C42+BQ42-BR42 -> 242 | BQ42: =+E42+G42+I42+K42+M42+O42+Q42+S42+U42+W42+Y42+AA42+AC42+AE42+AG42+AI42+AK42+AM42+AO42+AQ42+AS42+AU42+AW42+AY42+BA42+BC42+BE42+BG42+BI42+BK42+BM42+BO42 -> 0 | BR42: =+F42+H42+J42+L42+N42+P42+R42+T42+V42+X42+Z42+AB42+AD42+AF42+AH42+AJ42+AL42+AN42+AP42+AR42+AT42+AV42+AX42+AZ42+BB42+BD42+BF42+BH42+BJ42+BL42+BN42+BP42 -> 0 | BS42: 1.8 | BT42: =+D42*BS42 -> 435.6 | BU42: 92000 | BV42: =+BT42*BU42 -> 40075200
B43: 16106 -K1 | C43: 44 | D43: =+C43+BQ43-BR43 -> 44 | BQ43: =+E43+G43+I43+K43+M43+O43+Q43+S43+U43+W43+Y43+AA43+AC43+AE43+AG43+AI43+AK43+AM43+AO43+AQ43+AS43+AU43+AW43+AY43+BA43+BC43+BE43+BG43+BI43+BK43+BM43+BO43 -> 0 | BR43: =+F43+H43+J43+L43+N43+P43+R43+T43+V43+X43+Z43+AB43+AD43+AF43+AH43+AJ43+AL43+AN43+AP43+AR43+AT43+AV43+AX43+AZ43+BB43+BD43+BF43+BH43+BJ43+BL43+BN43+BP43 -> 0 | BS43: 1.8 | BT43: =+D43*BS43 -> 79.2 | BU43: 100000 | BV43: =+BT43*BU43 -> 7920000
B44: 16911 | C44: 119 | D44: =+C44+BQ44-BR44 -> 119 | BQ44: =+E44+G44+I44+K44+M44+O44+Q44+S44+U44+W44+Y44+AA44+AC44+AE44+AG44+AI44+AK44+AM44+AO44+AQ44+AS44+AU44+AW44+AY44+BA44+BC44+BE44+BG44+BI44+BK44+BM44+BO44 -> 0 | BR44: =+F44+H44+J44+L44+N44+P44+R44+T44+V44+X44+Z44+AB44+AD44+AF44+AH44+AJ44+AL44+AN44+AP44+AR44+AT44+AV44+AX44+AZ44+BB44+BD44+BF44+BH44+BJ44+BL44+BN44+BP44 -> 0 | BS44: 1.8 | BT44: =+D44*BS44 -> 214.2 | BU44: 92000 | BV44: =+BT44*BU44 -> 19706400
B45: 16912 | C45: 156 | D45: =+C45+BQ45-BR45 -> 156 | BQ45: =+E45+G45+I45+K45+M45+O45+Q45+S45+U45+W45+Y45+AA45+AC45+AE45+AG45+AI45+AK45+AM45+AO45+AQ45+AS45+AU45+AW45+AY45+BA45+BC45+BE45+BG45+BI45+BK45+BM45+BO45 -> 0 | BR45: =+F45+H45+J45+L45+N45+P45+R45+T45+V45+X45+Z45+AB45+AD45+AF45+AH45+AJ45+AL45+AN45+AP45+AR45+AT45+AV45+AX45+AZ45+BB45+BD45+BF45+BH45+BJ45+BL45+BN45+BP45 -> 0 | BS45: 1.8 | BT45: =+D45*BS45 -> 280.8 | BU45: 92000 | BV45: =+BT45*BU45 -> 25833600
B46: 16913 | C46: 336 | D46: =+C46+BQ46-BR46 -> 297 | F46: 39 | BQ46: =+E46+G46+I46+K46+M46+O46+Q46+S46+U46+W46+Y46+AA46+AC46+AE46+AG46+AI46+AK46+AM46+AO46+AQ46+AS46+AU46+AW46+AY46+BA46+BC46+BE46+BG46+BI46+BK46+BM46+BO46 -> 0 | BR46: =+F46+H46+J46+L46+N46+P46+R46+T46+V46+X46+Z46+AB46+AD46+AF46+AH46+AJ46+AL46+AN46+AP46+AR46+AT46+AV46+AX46+AZ46+BB46+BD46+BF46+BH46+BJ46+BL46+BN46+BP46 -> 39 | BS46: 1.8 | BT46: =+D46*BS46 -> 534.6 | BU46: 92000 | BV46: =+BT46*BU46 -> 49183200
B47: 16916 | C47: 283 | D47: =+C47+BQ47-BR47 -> 283 | BQ47: =+E47+G47+I47+K47+M47+O47+Q47+S47+U47+W47+Y47+AA47+AC47+AE47+AG47+AI47+AK47+AM47+AO47+AQ47+AS47+AU47+AW47+AY47+BA47+BC47+BE47+BG47+BI47+BK47+BM47+BO47 -> 0 | BR47: =+F47+H47+J47+L47+N47+P47+R47+T47+V47+X47+Z47+AB47+AD47+AF47+AH47+AJ47+AL47+AN47+AP47+AR47+AT47+AV47+AX47+AZ47+BB47+BD47+BF47+BH47+BJ47+BL47+BN47+BP47 -> 0 | BS47: 1.8 | BT47: =+D47*BS47 -> 509.4 | BU47: 92000 | BV47: =+BT47*BU47 -> 46864800
B48: 16917 | C48: 332 | D48: =+C48+BQ48-BR48 -> 332 | BQ48: =+E48+G48+I48+K48+M48+O48+Q48+S48+U48+W48+Y48+AA48+AC48+AE48+AG48+AI48+AK48+AM48+AO48+AQ48+AS48+AU48+AW48+AY48+BA48+BC48+BE48+BG48+BI48+BK48+BM48+BO48 -> 0 | BR48: =+F48+H48+J48+L48+N48+P48+R48+T48+V48+X48+Z48+AB48+AD48+AF48+AH48+AJ48+AL48+AN48+AP48+AR48+AT48+AV48+AX48+AZ48+BB48+BD48+BF48+BH48+BJ48+BL48+BN48+BP48 -> 0 | BS48: 1.8 | BT48: =+D48*BS48 -> 597.6 | BU48: 92000 | BV48: =+BT48*BU48 -> 54979200
A49: 60 sân vườn(35kg) | B49: 17001 | C49: 172 | D49: =+C49+BQ49-BR49 -> 100 | N49: 72 | BQ49: =+E49+G49+I49+K49+M49+O49+Q49+S49+U49+W49+Y49+AA49+AC49+AE49+AG49+AI49+AK49+AM49+AO49+AQ49+AS49+AU49+AW49+AY49+BA49+BC49+BE49+BG49+BI49+BK49+BM49+BO49 -> 0 | BR49: =+F49+H49+J49+L49+N49+P49+R49+T49+V49+X49+Z49+AB49+AD49+AF49+AH49+AJ49+AL49+AN49+AP49+AR49+AT49+AV49+AX49+AZ49+BB49+BD49+BF49+BH49+BJ49+BL49+BN49+BP49 -> 72 | BS49: 1.8 | BT49: =+D49*BS49 -> 180 | BU49: 70000 | BV49: =+BT49*BU49 -> 12600000
B50: 17006 | C50: 111.4 | D50: =+C50+BQ50-BR50 -> 105.4 | H50: 3 | L50: 3 | BQ50: =+E50+G50+I50+K50+M50+O50+Q50+S50+U50+W50+Y50+AA50+AC50+AE50+AG50+AI50+AK50+AM50+AO50+AQ50+AS50+AU50+AW50+AY50+BA50+BC50+BE50+BG50+BI50+BK50+BM50+BO50 -> 0 | BR50: =+F50+H50+J50+L50+N50+P50+R50+T50+V50+X50+Z50+AB50+AD50+AF50+AH50+AJ50+AL50+AN50+AP50+AR50+AT50+AV50+AX50+AZ50+BB50+BD50+BF50+BH50+BJ50+BL50+BN50+BP50 -> 6 | BS50: 1.8 | BT50: =+D50*BS50 -> 189.72 | BU50: 70000 | BV50: =+BT50*BU50 -> 13280400
A51: CẮT LÔ | B51: 16.126 | C51: 216 | D51: =+C51+BQ51-BR51 -> 144 | H51: 72 | BQ51: =+E51+G51+I51+K51+M51+O51+Q51+S51+U51+W51+Y51+AA51+AC51+AE51+AG51+AI51+AK51+AM51+AO51+AQ51+AS51+AU51+AW51+AY51+BA51+BC51+BE51+BG51+BI51+BK51+BM51+BO51 -> 0 | BR51: =+F51+H51+J51+L51+N51+P51+R51+T51+V51+X51+Z51+AB51+AD51+AF51+AH51+AJ51+AL51+AN51+AP51+AR51+AT51+AV51+AX51+AZ51+BB51+BD51+BF51+BH51+BJ51+BL51+BN51+BP51 -> 72 | BS51: 1.8 | BT51: =+D51*BS51 -> 259.2 | BU51: 79000 | BV51: =+BT51*BU51 -> 20476800
A52: 60*60 Elit-Crit | B52: 17151 | C52: 120.2 | D52: =+C52+BQ52-BR52 -> 122.2 | I52: 2 | BQ52: =+E52+G52+I52+K52+M52+O52+Q52+S52+U52+W52+Y52+AA52+AC52+AE52+AG52+AI52+AK52+AM52+AO52+AQ52+AS52+AU52+AW52+AY52+BA52+BC52+BE52+BG52+BI52+BK52+BM52+BO52 -> 2 | BR52: =+F52+H52+J52+L52+N52+P52+R52+T52+V52+X52+Z52+AB52+AD52+AF52+AH52+AJ52+AL52+AN52+AP52+AR52+AT52+AV52+AX52+AZ52+BB52+BD52+BF52+BH52+BJ52+BL52+BN52+BP52 -> 0 | BS52: 1.8 | BT52: =+D52*BS52 -> 219.96 | BU52: 79000 | BV52: =+BT52*BU52 -> 17376840
B53: 17152 | C53: 120 | D53: =+C53+BQ53-BR53 -> 120 | BQ53: =+E53+G53+I53+K53+M53+O53+Q53+S53+U53+W53+Y53+AA53+AC53+AE53+AG53+AI53+AK53+AM53+AO53+AQ53+AS53+AU53+AW53+AY53+BA53+BC53+BE53+BG53+BI53+BK53+BM53+BO53 -> 0 | BR53: =+F53+H53+J53+L53+N53+P53+R53+T53+V53+X53+Z53+AB53+AD53+AF53+AH53+AJ53+AL53+AN53+AP53+AR53+AT53+AV53+AX53+AZ53+BB53+BD53+BF53+BH53+BJ53+BL53+BN53+BP53 -> 0 | BS53: 1.8 | BT53: =+D53*BS53 -> 216 | BU53: 79000 | BV53: =+BT53*BU53 -> 17064000
B54: 17153 | C54: 0 | D54: =+C54+BQ54-BR54 -> 0 | BQ54: =+E54+G54+I54+K54+M54+O54+Q54+S54+U54+W54+Y54+AA54+AC54+AE54+AG54+AI54+AK54+AM54+AO54+AQ54+AS54+AU54+AW54+AY54+BA54+BC54+BE54+BG54+BI54+BK54+BM54+BO54 -> 0 | BR54: =+F54+H54+J54+L54+N54+P54+R54+T54+V54+X54+Z54+AB54+AD54+AF54+AH54+AJ54+AL54+AN54+AP54+AR54+AT54+AV54+AX54+AZ54+BB54+BD54+BF54+BH54+BJ54+BL54+BN54+BP54 -> 0 | BT54: =+D54*BS54 -> 0 | BV54: =+BT54*BU54 -> 0
B55: 17154 | C55: 75.6 | D55: =+C55+BQ55-BR55 -> 75.6 | BQ55: =+E55+G55+I55+K55+M55+O55+Q55+S55+U55+W55+Y55+AA55+AC55+AE55+AG55+AI55+AK55+AM55+AO55+AQ55+AS55+AU55+AW55+AY55+BA55+BC55+BE55+BG55+BI55+BK55+BM55+BO55 -> 0 | BR55: =+F55+H55+J55+L55+N55+P55+R55+T55+V55+X55+Z55+AB55+AD55+AF55+AH55+AJ55+AL55+AN55+AP55+AR55+AT55+AV55+AX55+AZ55+BB55+BD55+BF55+BH55+BJ55+BL55+BN55+BP55 -> 0 | BS55: 1.8 | BT55: =+D55*BS55 -> 136.08 | BU55: 79000 | BV55: =+BT55*BU55 -> 10750320
B56: 17155 | C56: 154 | D56: =+C56+BQ56-BR56 -> 154 | BQ56: =+E56+G56+I56+K56+M56+O56+Q56+S56+U56+W56+Y56+AA56+AC56+AE56+AG56+AI56+AK56+AM56+AO56+AQ56+AS56+AU56+AW56+AY56+BA56+BC56+BE56+BG56+BI56+BK56+BM56+BO56 -> 0 | BR56: =+F56+H56+J56+L56+N56+P56+R56+T56+V56+X56+Z56+AB56+AD56+AF56+AH56+AJ56+AL56+AN56+AP56+AR56+AT56+AV56+AX56+AZ56+BB56+BD56+BF56+BH56+BJ56+BL56+BN56+BP56 -> 0 | BS56: 1.8 | BT56: =+D56*BS56 -> 277.2 | BU56: 79000 | BV56: =+BT56*BU56 -> 21898800
B57: 17156 | C57: 159 | D57: =+C57+BQ57-BR57 -> 148 | N57: 11 | BQ57: =+E57+G57+I57+K57+M57+O57+Q57+S57+U57+W57+Y57+AA57+AC57+AE57+AG57+AI57+AK57+AM57+AO57+AQ57+AS57+AU57+AW57+AY57+BA57+BC57+BE57+BG57+BI57+BK57+BM57+BO57 -> 0 | BR57: =+F57+H57+J57+L57+N57+P57+R57+T57+V57+X57+Z57+AB57+AD57+AF57+AH57+AJ57+AL57+AN57+AP57+AR57+AT57+AV57+AX57+AZ57+BB57+BD57+BF57+BH57+BJ57+BL57+BN57+BP57 -> 11 | BS57: 1.8 | BT57: =+D57*BS57 -> 266.4 | BU57: 79000 | BV57: =+BT57*BU57 -> 21045600
C58: 0 | D58: =+C58+BQ58-BR58 -> 0 | BQ58: =+E58+G58+I58+K58+M58+O58+Q58+S58+U58+W58+Y58+AA58+AC58+AE58+AG58+AI58+AK58+AM58+AO58+AQ58+AS58+AU58+AW58+AY58+BA58+BC58+BE58+BG58+BI58+BK58+BM58+BO58 -> 0 | BR58: =+F58+H58+J58+L58+N58+P58+R58+T58+V58+X58+Z58+AB58+AD58+AF58+AH58+AJ58+AL58+AN58+AP58+AR58+AT58+AV58+AX58+AZ58+BB58+BD58+BF58+BH58+BJ58+BL58+BN58+BP58 -> 0 | BT58: =+D58*BS58 -> 0 | BV58: =+BT58*BU58 -> 0
A59: 60*60 Elite Ametyist | B59: 76102 | C59: 191.3 | D59: =+C59+BQ59-BR59 -> 146.3 | N59: 45 | BQ59: =+E59+G59+I59+K59+M59+O59+Q59+S59+U59+W59+Y59+AA59+AC59+AE59+AG59+AI59+AK59+AM59+AO59+AQ59+AS59+AU59+AW59+AY59+BA59+BC59+BE59+BG59+BI59+BK59+BM59+BO59 -> 0 | BR59: =+F59+H59+J59+L59+N59+P59+R59+T59+V59+X59+Z59+AB59+AD59+AF59+AH59+AJ59+AL59+AN59+AP59+AR59+AT59+AV59+AX59+AZ59+BB59+BD59+BF59+BH59+BJ59+BL59+BN59+BP59 -> 45 | BS59: 1.8 | BT59: =+D59*BS59 -> 263.34 | BU59: 79000 | BV59: =+BT59*BU59 -> 20803860
B60: 76103 | C60: 215 | D60: =+C60+BQ60-BR60 -> 143 | N60: 72 | BQ60: =+E60+G60+I60+K60+M60+O60+Q60+S60+U60+W60+Y60+AA60+AC60+AE60+AG60+AI60+AK60+AM60+AO60+AQ60+AS60+AU60+AW60+AY60+BA60+BC60+BE60+BG60+BI60+BK60+BM60+BO60 -> 0 | BR60: =+F60+H60+J60+L60+N60+P60+R60+T60+V60+X60+Z60+AB60+AD60+AF60+AH60+AJ60+AL60+AN60+AP60+AR60+AT60+AV60+AX60+AZ60+BB60+BD60+BF60+BH60+BJ60+BL60+BN60+BP60 -> 72 | BS60: 1.8 | BT60: =+D60*BS60 -> 257.4 | BU60: 79000 | BV60: =+BT60*BU60 -> 20334600
B61: 76105 | C61: 138 | D61: =+C61+BQ61-BR61 -> 138 | BQ61: =+E61+G61+I61+K61+M61+O61+Q61+S61+U61+W61+Y61+AA61+AC61+AE61+AG61+AI61+AK61+AM61+AO61+AQ61+AS61+AU61+AW61+AY61+BA61+BC61+BE61+BG61+BI61+BK61+BM61+BO61 -> 0 | BR61: =+F61+H61+J61+L61+N61+P61+R61+T61+V61+X61+Z61+AB61+AD61+AF61+AH61+AJ61+AL61+AN61+AP61+AR61+AT61+AV61+AX61+AZ61+BB61+BD61+BF61+BH61+BJ61+BL61+BN61+BP61 -> 0 | BS61: 1.8 | BT61: =+D61*BS61 -> 248.4 | BU61: 79000 | BV61: =+BT61*BU61 -> 19623600
C62: 0 | D62: =+C62+BQ62-BR62 -> 0 | BQ62: =+E62+G62+I62+K62+M62+O62+Q62+S62+U62+W62+Y62+AA62+AC62+AE62+AG62+AI62+AK62+AM62+AO62+AQ62+AS62+AU62+AW62+AY62+BA62+BC62+BE62+BG62+BI62+BK62+BM62+BO62 -> 0 | BR62: =+F62+H62+J62+L62+N62+P62+R62+T62+V62+X62+Z62+AB62+AD62+AF62+AH62+AJ62+AL62+AN62+AP62+AR62+AT62+AV62+AX62+AZ62+BB62+BD62+BF62+BH62+BJ62+BL62+BN62+BP62 -> 0 | BT62: =+D62*BS62 -> 0 | BV62: =+BT62*BU62 -> 0
A63: 80*80-BS | B63: 18901 | C63: 1 | D63: =+C63+BQ63-BR63 -> 1 | BQ63: =+E63+G63+I63+K63+M63+O63+Q63+S63+U63+W63+Y63+AA63+AC63+AE63+AG63+AI63+AK63+AM63+AO63+AQ63+AS63+AU63+AW63+AY63+BA63+BC63+BE63+BG63+BI63+BK63+BM63+BO63 -> 0 | BR63: =+F63+H63+J63+L63+N63+P63+R63+T63+V63+X63+Z63+AB63+AD63+AF63+AH63+AJ63+AL63+AN63+AP63+AR63+AT63+AV63+AX63+AZ63+BB63+BD63+BF63+BH63+BJ63+BL63+BN63+BP63 -> 0 | BS63: 1.92 | BT63: =+D63*BS63 -> 1.92 | BU63: 110000 | BV63: =+BT63*BU63 -> 211200
B64: 18902 | C64: 36 | D64: =+C64+BQ64-BR64 -> 36 | BQ64: =+E64+G64+I64+K64+M64+O64+Q64+S64+U64+W64+Y64+AA64+AC64+AE64+AG64+AI64+AK64+AM64+AO64+AQ64+AS64+AU64+AW64+AY64+BA64+BC64+BE64+BG64+BI64+BK64+BM64+BO64 -> 0 | BR64: =+F64+H64+J64+L64+N64+P64+R64+T64+V64+X64+Z64+AB64+AD64+AF64+AH64+AJ64+AL64+AN64+AP64+AR64+AT64+AV64+AX64+AZ64+BB64+BD64+BF64+BH64+BJ64+BL64+BN64+BP64 -> 0 | BS64: 1.92 | BT64: =+D64*BS64 -> 69.12 | BU64: 110000 | BV64: =+BT64*BU64 -> 7603200
B65: 18906 | C65: 192 | D65: =+C65+BQ65-BR65 -> 192 | BQ65: =+E65+G65+I65+K65+M65+O65+Q65+S65+U65+W65+Y65+AA65+AC65+AE65+AG65+AI65+AK65+AM65+AO65+AQ65+AS65+AU65+AW65+AY65+BA65+BC65+BE65+BG65+BI65+BK65+BM65+BO65 -> 0 | BR65: =+F65+H65+J65+L65+N65+P65+R65+T65+V65+X65+Z65+AB65+AD65+AF65+AH65+AJ65+AL65+AN65+AP65+AR65+AT65+AV65+AX65+AZ65+BB65+BD65+BF65+BH65+BJ65+BL65+BN65+BP65 -> 0 | BS65: 1.92 | BT65: =+D65*BS65 -> 368.64 | BU65: 110000 | BV65: =+BT65*BU65 -> 40550400
B66: 18911 | C66: 38 | D66: =+C66+BQ66-BR66 -> 38 | BQ66: =+E66+G66+I66+K66+M66+O66+Q66+S66+U66+W66+Y66+AA66+AC66+AE66+AG66+AI66+AK66+AM66+AO66+AQ66+AS66+AU66+AW66+AY66+BA66+BC66+BE66+BG66+BI66+BK66+BM66+BO66 -> 0 | BR66: =+F66+H66+J66+L66+N66+P66+R66+T66+V66+X66+Z66+AB66+AD66+AF66+AH66+AJ66+AL66+AN66+AP66+AR66+AT66+AV66+AX66+AZ66+BB66+BD66+BF66+BH66+BJ66+BL66+BN66+BP66 -> 0 | BS66: 1.92 | BT66: =+D66*BS66 -> 72.96 | BU66: 110000 | BV66: =+BT66*BU66 -> 8025600
B67: 18912 | C67: 165.33 | D67: =+C67+BQ67-BR67 -> 165.33 | BQ67: =+E67+G67+I67+K67+M67+O67+Q67+S67+U67+W67+Y67+AA67+AC67+AE67+AG67+AI67+AK67+AM67+AO67+AQ67+AS67+AU67+AW67+AY67+BA67+BC67+BE67+BG67+BI67+BK67+BM67+BO67 -> 0 | BR67: =+F67+H67+J67+L67+N67+P67+R67+T67+V67+X67+Z67+AB67+AD67+AF67+AH67+AJ67+AL67+AN67+AP67+AR67+AT67+AV67+AX67+AZ67+BB67+BD67+BF67+BH67+BJ67+BL67+BN67+BP67 -> 0 | BS67: 1.92 | BT67: =+D67*BS67 -> 317.4336 | BU67: 110000 | BV67: =+BT67*BU67 -> 34917696
B68: 18913 | C68: 179 | D68: =+C68+BQ68-BR68 -> 179 | BQ68: =+E68+G68+I68+K68+M68+O68+Q68+S68+U68+W68+Y68+AA68+AC68+AE68+AG68+AI68+AK68+AM68+AO68+AQ68+AS68+AU68+AW68+AY68+BA68+BC68+BE68+BG68+BI68+BK68+BM68+BO68 -> 0 | BR68: =+F68+H68+J68+L68+N68+P68+R68+T68+V68+X68+Z68+AB68+AD68+AF68+AH68+AJ68+AL68+AN68+AP68+AR68+AT68+AV68+AX68+AZ68+BB68+BD68+BF68+BH68+BJ68+BL68+BN68+BP68 -> 0 | BS68: 1.92 | BT68: =+D68*BS68 -> 343.68 | BU68: 110000 | BV68: =+BT68*BU68 -> 37804800
B69: 18916 | C69: 168.67 | D69: =+C69+BQ69-BR69 -> 168.67 | BQ69: =+E69+G69+I69+K69+M69+O69+Q69+S69+U69+W69+Y69+AA69+AC69+AE69+AG69+AI69+AK69+AM69+AO69+AQ69+AS69+AU69+AW69+AY69+BA69+BC69+BE69+BG69+BI69+BK69+BM69+BO69 -> 0 | BR69: =+F69+H69+J69+L69+N69+P69+R69+T69+V69+X69+Z69+AB69+AD69+AF69+AH69+AJ69+AL69+AN69+AP69+AR69+AT69+AV69+AX69+AZ69+BB69+BD69+BF69+BH69+BJ69+BL69+BN69+BP69 -> 0 | BS69: 1.92 | BT69: =+D69*BS69 -> 323.8464 | BU69: 110000 | BV69: =+BT69*BU69 -> 35623104
B70: 18917 | C70: 188 | D70: =+C70+BQ70-BR70 -> 0 | F70: 76 | J70: 112 | BQ70: =+E70+G70+I70+K70+M70+O70+Q70+S70+U70+W70+Y70+AA70+AC70+AE70+AG70+AI70+AK70+AM70+AO70+AQ70+AS70+AU70+AW70+AY70+BA70+BC70+BE70+BG70+BI70+BK70+BM70+BO70 -> 0 | BR70: =+F70+H70+J70+L70+N70+P70+R70+T70+V70+X70+Z70+AB70+AD70+AF70+AH70+AJ70+AL70+AN70+AP70+AR70+AT70+AV70+AX70+AZ70+BB70+BD70+BF70+BH70+BJ70+BL70+BN70+BP70 -> 188 | BS70: 1.92 | BT70: =+D70*BS70 -> 0 | BU70: 110000 | BV70: =+BT70*BU70 -> 0
B71: 18126 | C71: 0 | D71: =+C71+BQ71-BR71 -> 0 | BQ71: =+E71+G71+I71+K71+M71+O71+Q71+S71+U71+W71+Y71+AA71+AC71+AE71+AG71+AI71+AK71+AM71+AO71+AQ71+AS71+AU71+AW71+AY71+BA71+BC71+BE71+BG71+BI71+BK71+BM71+BO71 -> 0 | BR71: =+F71+H71+J71+L71+N71+P71+R71+T71+V71+X71+Z71+AB71+AD71+AF71+AH71+AJ71+AL71+AN71+AP71+AR71+AT71+AV71+AX71+AZ71+BB71+BD71+BF71+BH71+BJ71+BL71+BN71+BP71 -> 0 | BS71: 1.92 | BT71: =+D71*BS71 -> 0 | BU71: 116000 | BV71: =+BT71*BU71 -> 0
B72: 48302 | C72: 36.33 | D72: =+C72+BQ72-BR72 -> 33.33 | H72: 3 | BQ72: =+E72+G72+I72+K72+M72+O72+Q72+S72+U72+W72+Y72+AA72+AC72+AE72+AG72+AI72+AK72+AM72+AO72+AQ72+AS72+AU72+AW72+AY72+BA72+BC72+BE72+BG72+BI72+BK72+BM72+BO72 -> 0 | BR72: =+F72+H72+J72+L72+N72+P72+R72+T72+V72+X72+Z72+AB72+AD72+AF72+AH72+AJ72+AL72+AN72+AP72+AR72+AT72+AV72+AX72+AZ72+BB72+BD72+BF72+BH72+BJ72+BL72+BN72+BP72 -> 3 | BS72: 1.92 | BT72: =+D72*BS72 -> 63.9936 | BU72: 152000 | BV72: =+BT72*BU72 -> 9727027.2
B73: 48304 | C73: 90.67 | D73: =+C73+BQ73-BR73 -> 90.67 | BQ73: =+E73+G73+I73+K73+M73+O73+Q73+S73+U73+W73+Y73+AA73+AC73+AE73+AG73+AI73+AK73+AM73+AO73+AQ73+AS73+AU73+AW73+AY73+BA73+BC73+BE73+BG73+BI73+BK73+BM73+BO73 -> 0 | BR73: =+F73+H73+J73+L73+N73+P73+R73+T73+V73+X73+Z73+AB73+AD73+AF73+AH73+AJ73+AL73+AN73+AP73+AR73+AT73+AV73+AX73+AZ73+BB73+BD73+BF73+BH73+BJ73+BL73+BN73+BP73 -> 0 | BS73: 1.92 | BT73: =+D73*BS73 -> 174.0864 | BU73: 152000 | BV73: =+BT73*BU73 -> 26461133
B74: 18402 | C74: 9 | D74: =+C74+BQ74-BR74 -> 9 | BQ74: =+E74+G74+I74+K74+M74+O74+Q74+S74+U74+W74+Y74+AA74+AC74+AE74+AG74+AI74+AK74+AM74+AO74+AQ74+AS74+AU74+AW74+AY74+BA74+BC74+BE74+BG74+BI74+BK74+BM74+BO74 -> 0 | BR74: =+F74+H74+J74+L74+N74+P74+R74+T74+V74+X74+Z74+AB74+AD74+AF74+AH74+AJ74+AL74+AN74+AP74+AR74+AT74+AV74+AX74+AZ74+BB74+BD74+BF74+BH74+BJ74+BL74+BN74+BP74 -> 0 | BS74: 1.92 | BT74: =+D74*BS74 -> 17.28 | BU74: 162000 | BV74: =+BT74*BU74 -> 2799360
B75: 78001 | C75: 316 | D75: =+C75+BQ75-BR75 -> 261 | E75: 37 | N75: 1 | P75: =86+5 -> 91 | BQ75: =+E75+G75+I75+K75+M75+O75+Q75+S75+U75+W75+Y75+AA75+AC75+AE75+AG75+AI75+AK75+AM75+AO75+AQ75+AS75+AU75+AW75+AY75+BA75+BC75+BE75+BG75+BI75+BK75+BM75+BO75 -> 37 | BR75: =+F75+H75+J75+L75+N75+P75+R75+T75+V75+X75+Z75+AB75+AD75+AF75+AH75+AJ75+AL75+AN75+AP75+AR75+AT75+AV75+AX75+AZ75+BB75+BD75+BF75+BH75+BJ75+BL75+BN75+BP75 -> 92 | BS75: 1.92 | BT75: =+D75*BS75 -> 501.12 | BU75: 110000 | BV75: =+BT75*BU75 -> 55123200
B76: 78002 | C76: 80 | D76: =+C76+BQ76-BR76 -> 80 | BQ76: =+E76+G76+I76+K76+M76+O76+Q76+S76+U76+W76+Y76+AA76+AC76+AE76+AG76+AI76+AK76+AM76+AO76+AQ76+AS76+AU76+AW76+AY76+BA76+BC76+BE76+BG76+BI76+BK76+BM76+BO76 -> 0 | BR76: =+F76+H76+J76+L76+N76+P76+R76+T76+V76+X76+Z76+AB76+AD76+AF76+AH76+AJ76+AL76+AN76+AP76+AR76+AT76+AV76+AX76+AZ76+BB76+BD76+BF76+BH76+BJ76+BL76+BN76+BP76 -> 0 | BS76: 1.92 | BT76: =+D76*BS76 -> 153.6 | BU76: 110000 | BV76: =+BT76*BU76 -> 16896000
B77: 78003 | C77: 380 | D77: =+C77+BQ77-BR77 -> 380 | BQ77: =+E77+G77+I77+K77+M77+O77+Q77+S77+U77+W77+Y77+AA77+AC77+AE77+AG77+AI77+AK77+AM77+AO77+AQ77+AS77+AU77+AW77+AY77+BA77+BC77+BE77+BG77+BI77+BK77+BM77+BO77 -> 0 | BR77: =+F77+H77+J77+L77+N77+P77+R77+T77+V77+X77+Z77+AB77+AD77+AF77+AH77+AJ77+AL77+AN77+AP77+AR77+AT77+AV77+AX77+AZ77+BB77+BD77+BF77+BH77+BJ77+BL77+BN77+BP77 -> 0 | BS77: 1.92 | BT77: =+D77*BS77 -> 729.6 | BU77: 110000 | BV77: =+BT77*BU77 -> 80256000
C78: 0 | D78: =+C78+BQ78-BR78 -> 0 | BQ78: =+E78+G78+I78+K78+M78+O78+Q78+S78+U78+W78+Y78+AA78+AC78+AE78+AG78+AI78+AK78+AM78+AO78+AQ78+AS78+AU78+AW78+AY78+BA78+BC78+BE78+BG78+BI78+BK78+BM78+BO78 -> 0 | BR78: =+F78+H78+J78+L78+N78+P78+R78+T78+V78+X78+Z78+AB78+AD78+AF78+AH78+AJ78+AL78+AN78+AP78+AR78+AT78+AV78+AX78+AZ78+BB78+BD78+BF78+BH78+BJ78+BL78+BN78+BP78 -> 0
A79: 80*80 Elite Crit | B79: 18701 | C79: 578 | D79: =+C79+BQ79-BR79 -> 578 | BQ79: =+E79+G79+I79+K79+M79+O79+Q79+S79+U79+W79+Y79+AA79+AC79+AE79+AG79+AI79+AK79+AM79+AO79+AQ79+AS79+AU79+AW79+AY79+BA79+BC79+BE79+BG79+BI79+BK79+BM79+BO79 -> 0 | BR79: =+F79+H79+J79+L79+N79+P79+R79+T79+V79+X79+Z79+AB79+AD79+AF79+AH79+AJ79+AL79+AN79+AP79+AR79+AT79+AV79+AX79+AZ79+BB79+BD79+BF79+BH79+BJ79+BL79+BN79+BP79 -> 0 | BS79: 1.92 | BT79: =+D79*BS79 -> 1109.76 | BU79: 94000 | BV79: =+BT79*BU79 -> 104317440
B80: 18704 | C80: 208 | D80: =+C80+BQ80-BR80 -> 208 | BQ80: =+E80+G80+I80+K80+M80+O80+Q80+S80+U80+W80+Y80+AA80+AC80+AE80+AG80+AI80+AK80+AM80+AO80+AQ80+AS80+AU80+AW80+AY80+BA80+BC80+BE80+BG80+BI80+BK80+BM80+BO80 -> 0 | BR80: =+F80+H80+J80+L80+N80+P80+R80+T80+V80+X80+Z80+AB80+AD80+AF80+AH80+AJ80+AL80+AN80+AP80+AR80+AT80+AV80+AX80+AZ80+BB80+BD80+BF80+BH80+BJ80+BL80+BN80+BP80 -> 0 | BS80: 1.92 | BT80: =+D80*BS80 -> 399.36 | BU80: 94000 | BV80: =+BT80*BU80 -> 37539840
B81: 18706 | C81: 357.667 | D81: =+C81+BQ81-BR81 -> 339.667 | H81: 20 | K81: 2 | BQ81: =+E81+G81+I81+K81+M81+O81+Q81+S81+U81+W81+Y81+AA81+AC81+AE81+AG81+AI81+AK81+AM81+AO81+AQ81+AS81+AU81+AW81+AY81+BA81+BC81+BE81+BG81+BI81+BK81+BM81+BO81 -> 2 | BR81: =+F81+H81+J81+L81+N81+P81+R81+T81+V81+X81+Z81+AB81+AD81+AF81+AH81+AJ81+AL81+AN81+AP81+AR81+AT81+AV81+AX81+AZ81+BB81+BD81+BF81+BH81+BJ81+BL81+BN81+BP81 -> 20 | BS81: 1.92 | BT81: =+D81*BS81 -> 652.16064 | BU81: 94000 | BV81: =+BT81*BU81 -> 61303100
B82: 18707 | C82: 157 | D82: =+C82+BQ82-BR82 -> 157 | BQ82: =+E82+G82+I82+K82+M82+O82+Q82+S82+U82+W82+Y82+AA82+AC82+AE82+AG82+AI82+AK82+AM82+AO82+AQ82+AS82+AU82+AW82+AY82+BA82+BC82+BE82+BG82+BI82+BK82+BM82+BO82 -> 0 | BR82: =+F82+H82+J82+L82+N82+P82+R82+T82+V82+X82+Z82+AB82+AD82+AF82+AH82+AJ82+AL82+AN82+AP82+AR82+AT82+AV82+AX82+AZ82+BB82+BD82+BF82+BH82+BJ82+BL82+BN82+BP82 -> 0 | BS82: 1.92 | BT82: =+D82*BS82 -> 301.44 | BU82: 94000 | BV82: =+BT82*BU82 -> 28335360
BQ83: =+E83+G83+I83+K83+M83+O83+Q83+S83+U83+W83+Y83+AA83+AC83+AE83+AG83+AI83+AK83+AM83+AO83+AQ83+AS83+AU83+AW83+AY83+BA83+BC83+BE83+BG83+BI83+BK83+BM83+BO83 -> 0 | BR83: =+F83+H83+J83+L83+N83+P83+R83+T83+V83+X83+Z83+AB83+AD83+AF83+AH83+AJ83+AL83+AN83+AP83+AR83+AT83+AV83+AX83+AZ83+BB83+BD83+BF83+BH83+BJ83+BL83+BN83+BP83 -> 0
A84: 80*80 Elite Amethist | B84: 78702 | C84: 98 | D84: =+C84+BQ84-BR84 -> 98 | BQ84: =+E84+G84+I84+K84+M84+O84+Q84+S84+U84+W84+Y84+AA84+AC84+AE84+AG84+AI84+AK84+AM84+AO84+AQ84+AS84+AU84+AW84+AY84+BA84+BC84+BE84+BG84+BI84+BK84+BM84+BO84 -> 0 | BR84: =+F84+H84+J84+L84+N84+P84+R84+T84+V84+X84+Z84+AB84+AD84+AF84+AH84+AJ84+AL84+AN84+AP84+AR84+AT84+AV84+AX84+AZ84+BB84+BD84+BF84+BH84+BJ84+BL84+BN84+BP84 -> 0 | BS84: 1.92 | BT84: =+D84*BS84 -> 188.16 | BU84: 94000 | BV84: =+BT84*BU84 -> 17687040
B85: 78703 | C85: 264 | D85: =+C85+BQ85-BR85 -> 264 | BQ85: =+E85+G85+I85+K85+M85+O85+Q85+S85+U85+W85+Y85+AA85+AC85+AE85+AG85+AI85+AK85+AM85+AO85+AQ85+AS85+AU85+AW85+AY85+BA85+BC85+BE85+BG85+BI85+BK85+BM85+BO85 -> 0 | BR85: =+F85+H85+J85+L85+N85+P85+R85+T85+V85+X85+Z85+AB85+AD85+AF85+AH85+AJ85+AL85+AN85+AP85+AR85+AT85+AV85+AX85+AZ85+BB85+BD85+BF85+BH85+BJ85+BL85+BN85+BP85 -> 0 | BS85: 1.92 | BT85: =+D85*BS85 -> 506.88 | BU85: 94000 | BV85: =+BT85*BU85 -> 47646720
B86: 78705 | C86: 243 | D86: =+C86+BQ86-BR86 -> 243 | BQ86: =+E86+G86+I86+K86+M86+O86+Q86+S86+U86+W86+Y86+AA86+AC86+AE86+AG86+AI86+AK86+AM86+AO86+AQ86+AS86+AU86+AW86+AY86+BA86+BC86+BE86+BG86+BI86+BK86+BM86+BO86 -> 0 | BR86: =+F86+H86+J86+L86+N86+P86+R86+T86+V86+X86+Z86+AB86+AD86+AF86+AH86+AJ86+AL86+AN86+AP86+AR86+AT86+AV86+AX86+AZ86+BB86+BD86+BF86+BH86+BJ86+BL86+BN86+BP86 -> 0 | BS86: 1.92 | BT86: =+D86*BS86 -> 466.56 | BU86: 94000 | BV86: =+BT86*BU86 -> 43856640
C87: 0 | D87: =+C87+BQ87-BR87 -> 0 | BQ87: =+E87+G87+I87+K87+M87+O87+Q87+S87+U87+W87+Y87+AA87+AC87+AE87+AG87+AI87+AK87+AM87+AO87+AQ87+AS87+AU87+AW87+AY87+BA87+BC87+BE87+BG87+BI87+BK87+BM87+BO87 -> 0 | BR87: =+F87+H87+J87+L87+N87+P87+R87+T87+V87+X87+Z87+AB87+AD87+AF87+AH87+AJ87+AL87+AN87+AP87+AR87+AT87+AV87+AX87+AZ87+BB87+BD87+BF87+BH87+BJ87+BL87+BN87+BP87 -> 0 | BV87: =+BT87*BU87 -> 0
A88: 40*80 | B88: 14101(1H=1.28) | C88: 27 | D88: =+C88+BQ88-BR88 -> 27 | BQ88: =+E88+G88+I88+K88+M88+O88+Q88+S88+U88+W88+Y88+AA88+AC88+AE88+AG88+AI88+AK88+AM88+AO88+AQ88+AS88+AU88+AW88+AY88+BA88+BC88+BE88+BG88+BI88+BK88+BM88+BO88 -> 0 | BR88: =+F88+H88+J88+L88+N88+P88+R88+T88+V88+X88+Z88+AB88+AD88+AF88+AH88+AJ88+AL88+AN88+AP88+AR88+AT88+AV88+AX88+AZ88+BB88+BD88+BF88+BH88+BJ88+BL88+BN88+BP88 -> 0 | BS88: 1.92 | BT88: =+D88*BS88 -> 51.84 | BU88: 125000 | BV88: =+BT88*BU88 -> 6480000
B89: 14113-khói | C89: 370 | D89: =+C89+BQ89-BR89 -> 306 | F89: 46 | N89: 18 | BQ89: =+E89+G89+I89+K89+M89+O89+Q89+S89+U89+W89+Y89+AA89+AC89+AE89+AG89+AI89+AK89+AM89+AO89+AQ89+AS89+AU89+AW89+AY89+BA89+BC89+BE89+BG89+BI89+BK89+BM89+BO89 -> 0 | BR89: =+F89+H89+J89+L89+N89+P89+R89+T89+V89+X89+Z89+AB89+AD89+AF89+AH89+AJ89+AL89+AN89+AP89+AR89+AT89+AV89+AX89+AZ89+BB89+BD89+BF89+BH89+BJ89+BL89+BN89+BP89 -> 64 | BS89: 1.92 | BT89: =+D89*BS89 -> 587.52 | BU89: 104000 | BV89: =+BT89*BU89 -> 61102080
